Workbook
Name Common: #REF!
Name Common_TI: #REF!
Name Dry_NGL_DD: #REF!
Name HP_Ex_TI: #REF!
Name PF_Exclusive: #REF!

Sheet Sale Summary
C3: Values
B4: Cat | C4: Sum of RF May- 26 | D4: Sum of Sales Qty | E4: Sum of Ready Stock | F4: Sum of Ready + transist
B5: DD | C5: 436307.4 | D5: 219036 | E5: 234396 | F5: 258348 | G5: =D5/C5 -> 0.5020222
B6: Ganache | C6: 252703.92 | D6: 141564 | E6: 282492 | F6: 297612 | G6: =D6/C6 -> 0.56019709
B7: NFL | C7: 4669.2 | D7: 2736 | E7: 5988 | F7: 5988 | G7: =D7/C7 -> 0.58596762
B8: NGL | C8: 86200.95 | D8: 50840 | E8: 113671 | F8: 121825 | G8: =D8/C8 -> 0.58978468
B9: T&I | C9: 5417188.4 | D9: 3107580 | E9: 3764366 | F9: 4484438 | G9: =D9/C9 -> 0.57365182 | H9: previus | I9: 3365905
B10: UHT-Chill | C10: 43052.04 | D10: 20928 | E10: 27480 | F10: 28294 | G10: =D10/C10 -> 0.48610937 | H10: yest | I10: 3542684 | J10: =I10-I9 -> 176779
B11: #N/A | C11: 0 | D11: 0 | E11: 1164 | F11: 1164 | G11: =D11/C11 -> #DIV/0!
B12: Grand Total | C12: 6240121.9 | D12: 3542684 | E12: 4429557 | F12: 5197669
B15: Cat | C15: RF May'26 | D15: MTD Sales Qty | E15: Ready Stock | F15: R+Tstock | G15: Sale % | H15: INV Cover (Ready Stock) | I15: INV Cover (R+T)
B16: DD | C16: =C5 -> 436307.4 | D16: =D5 -> 219036 | E16: =E5 -> 234396 | F16: =F5 -> 258348 | G16: =D16/C16 -> 0.5020222 | H16: =+E16/(C16/30) -> 16.116802 | I16: =+F16/(C16/30) -> 17.763714
B17: Ganache | C17: =C6 -> 252703.92 | D17: =D6 -> 141564 | E17: =E6 -> 282492 | F17: =F6 -> 297612 | G17: =D17/C17 -> 0.56019709 | H17: =+E17/(C17/30) -> 33.536322 | I17: =+F17/(C17/30) -> 35.331308
B18: NFL | C18: =C7 -> 4669.2 | D18: =D7 -> 2736 | E18: =E7 -> 5988 | F18: =F7 -> 5988 | G18: =D18/C18 -> 0.58596762 | H18: =+E18/(C18/30) -> 38.4734 | I18: =+F18/(C18/30) -> 38.4734
B19: NGL | C19: =C8 -> 86200.95 | D19: =D8 -> 50840 | E19: =E8 -> 113671 | F19: =F8 -> 121825 | G19: =D19/C19 -> 0.58978468 | H19: =+E19/(C19/30) -> 39.560237 | I19: =+F19/(C19/30) -> 42.398025
B20: T&I | C20: =C9 -> 5417188.4 | D20: =D9 -> 3107580 | E20: =E9 -> 3764366 | F20: =F9 -> 4484438 | G20: =D20/C20 -> 0.57365182 | H20: =+E20/(C20/30) -> 20.846788 | I20: =+F20/(C20/30) -> 24.834495
B21: UHT-Chill | C21: =C10 -> 43052.04 | D21: =D10 -> 20928 | E21: =E10 -> 27480 | F21: =F10 -> 28294 | G21: =D21/C21 -> 0.48610937 | H21: =+E21/(C21/30) -> 19.148918 | I21: =+F21/(C21/30) -> 19.716139
B22: Grand Total | C22: =SUM(C16:C21) -> 6240121.9 | D22: =SUM(D16:D21) -> 3542684 | E22: =SUM(E16:E21) -> 4428393 | F22: =SUM(F16:F21) -> 5196505 | G22: =D22/C22 -> 0.56772673 | H22: =+E22/(C22/30) -> 21.289935 | I22: =+F22/(C22/30) -> 24.982709
B23: In Transit | F23: =F22-E22 -> 768112

Sheet Category wise INV days
C1: =TODAY()-1 -> 46166
B2: Category | C2: RF May'26 | D2: Sale Qty | E2: Sale % to RF | G2: Ready Stock at HUB | H2: INV Days Ready Stock | J2: Ready + transist | K2: INV Days Reday + Transit Stock
B3: UHT Dry(DD+Varsatie) | C3: ='Sale Summary'!C16 -> 436307.4 | D3: ='Sale Summary'!D16 -> 219036 | E3: =D3/C3 -> 0.5020222 | G3: ='Sale Summary'!E16 -> 234396 | H3: =G3/(C3/30) -> 16.116802 | J3: ='Sale Summary'!F16 -> 258348 | K3: =J3/(C3/30) -> 17.763714
B4: Ganache | C4: ='Sale Summary'!C17 -> 252703.92 | D4: ='Sale Summary'!D17 -> 141564 | E4: =D4/C4 -> 0.56019709 | G4: ='Sale Summary'!E17 -> 282492 | H4: =G4/(C4/30) -> 33.536322 | J4: ='Sale Summary'!F17 -> 297612 | K4: =J4/(C4/30) -> 35.331308
B5: NFL | C5: ='Sale Summary'!C18 -> 4669.2 | D5: ='Sale Summary'!D18 -> 2736 | E5: =D5/C5 -> 0.58596762 | G5: ='Sale Summary'!E18 -> 5988 | H5: =G5/(C5/30) -> 38.4734 | J5: ='Sale Summary'!F18 -> 5988 | K5: =J5/(C5/30) -> 38.4734
B6: NGL | C6: ='Sale Summary'!C19 -> 86200.95 | D6: ='Sale Summary'!D19 -> 50840 | E6: =D6/C6 -> 0.58978468 | G6: ='Sale Summary'!E19 -> 113671 | H6: =G6/(C6/30) -> 39.560237 | J6: ='Sale Summary'!F19 -> 121825 | K6: =J6/(C6/30) -> 42.398025
B7: T&I | C7: ='Sale Summary'!C20 -> 5417188.4 | D7: ='Sale Summary'!D20 -> 3107580 | E7: =D7/C7 -> 0.57365182 | G7: ='Sale Summary'!E20 -> 3764366 | H7: =G7/(C7/30) -> 20.846788 | J7: ='Sale Summary'!F20 -> 4484438 | K7: =J7/(C7/30) -> 24.834495
B8: UHT-Chill | C8: ='Sale Summary'!C21 -> 43052.04 | D8: ='Sale Summary'!D21 -> 20928 | E8: =D8/C8 -> 0.48610937 | G8: ='Sale Summary'!E21 -> 27480 | H8: =G8/(C8/30) -> 19.148918 | J8: ='Sale Summary'!F21 -> 28294 | K8: =J8/(C8/30) -> 19.716139
A9: =C1-365 -> 45801 | B9: Grand Total | C9: =SUM(C3:C8) -> 6240121.9 | D9: =SUM(D3:D8) -> 3542684 | E9: =D9/C9 -> 0.56772673 | G9: =SUM(G3:G8) -> 4428393 | H9: =G9/(C9/30) -> 21.289935 | J9: =SUM(J3:J8) -> 5196505 | K9: =J9/(C9/30) -> 24.982709
A11: =TODAY() -> 46167 | B11: =TEXT(C1,"dd-mmm-yy")&" "&"sale" -> 24-May-26 sale | D11: ='Sale Summary'!J10 -> 176779 | E11: =D11/1000 -> 176.779
B12: Asking rate
B13: =TEXT(A9,"dd-mmm-yy")&" "&"LY Closing sale" -> 24-May-25 LY Closing sale | H13: CY Vs LY Diff.
B14: Variance CY Vs LY | D14: 63280 | H14: =(D9-D14)/1000 -> 3479.404 | L14: =D9/D14 -> 55.98426

Sheet Item wise
A1: Cat | B1: (All)
C3: Values
A4: Material Code | B4: Material Description | C4: Sum of RF May- 26 | D4: Sum of Sales Qty | E4: Sum of Ready + transist | F4: INV Days (R+T) | G4: Sale % To RF | H4: RF Pendency Overall (Not Hubwise)
A5: 00189 | B5: Rich's Star Whip 1 Kg | C5: 1088745.6 | D5: 631428 | E5: 489132 | F5: =E5/(C5/30) -> 13.477859 | G5: =D5/C5 -> 0.57995918 | H5: =C5-D5-E5 -> -31814.4
A6: 01167 | B6: Rich's Sweetmate (India) 1 Kg | C6: 129866.16 | D6: 84420 | E6: 90168 | F6: =E6/(C6/30) -> 20.829445 | G6: =D6/C6 -> 0.65005387 | H6: =C6-D6-E6 -> -44721.84
A7: 01296 | B7: Rich’s Cremagic - 2 Kg | C7: 67239.24 | D7: 35424 | E7: 52440 | F7: =E7/(C7/30) -> 23.397052 | G7: =D7/C7 -> 0.52683522 | H7: =C7-D7-E7 -> -20624.76
A8: 02122 | B8: Rich's Dairy Free Whip Topping - 2 Kg | C8: 306618.96 | D8: 176112 | E8: 335568 | F8: =E8/(C8/30) -> 32.832412 | G8: =D8/C8 -> 0.57436761 | H8: =C8-D8-E8 -> -205061.04
A9: 04145 | B9: Rich's Nugel Caramel (1 Kg) | C9: 3122.19 | D9: 2016 | E9: 5265 | F9: =E9/(C9/30) -> 50.58949 | G9: =D9/C9 -> 0.64570061 | H9: =C9-D9-E9 -> -4158.81
A10: 05159 | B10: Rich's Whip Topping-Gold 500 G (India) | C10: 15687.72 | D10: 8040 | E10: 29028 | F10: =E10/(C10/30) -> 55.510935 | G10: =D10/C10 -> 0.51250277 | H10: =C10-D10-E10 -> -21380.28
A11: 06151 | B11: Rich's Double Dream | C11: 317299.56 | D11: 160128 | E11: 188004 | F11: =E11/(C11/30) -> 17.775379 | G11: =D11/C11 -> 0.50465875 | H11: =C11-D11-E11 -> -30832.44
A12: 06982 | B12: Rich's Chocolate Whip Topping | C12: 100813.44 | D12: 59328 | E12: 89208 | F12: =E12/(C12/30) -> 26.54646 | G12: =D12/C12 -> 0.58849296 | H12: =C12-D12-E12 -> -47722.56
A13: 07310 | B13: Rich's Cooking Rich Hot Kitchen Appl. | C13: 707016.72 | D13: 376728 | E13: 661020 | F13: =E13/(C13/30) -> 28.048276 | G13: =D13/C13 -> 0.53284171 | H13: =C13-D13-E13 -> -330731.28
A14: 08529 | B14: Rich's Truffle Base | C14: 203547.36 | D14: 111756 | E14: 194472 | F14: =E14/(C14/30) -> 28.66242 | G14: =D14/C14 -> 0.54904176 | H14: =C14-D14-E14 -> -102680.64
A15: 13179 | B15: Rich’s Whip Topping Gold (India) | C15: 857921.04 | D15: 540564 | E15: 671700 | F15: =E15/(C15/30) -> 23.488176 | G15: =D15/C15 -> 0.63008596 | H15: =C15-D15-E15 -> -354342.96
A16: 13490 | B16: Rich's Nugel Neutral Glaze 2.5 Kg IN | C16: 51974.7 | D16: 32680 | E16: 68680 | F16: =E16/(C16/30) -> 39.642364 | G16: =D16/C16 -> 0.62876746 | H16: =C16-D16-E16 -> -49385.3
... A57: 23691 | B57: RICH'S WT Gold 1 Kg (Middle East) | C57: 0 | D57: 0 | E57: 240 | F57: =E57/(C57/30) -> #DIV/0! | G57: =D57/C57 -> #DIV/0! | H57: =C57-D57-E57 -> -240
A58: Grand Total | C58: 6240121.9 | D58: 3542684 | E58: 5197669 | F58: =E58/(C58/30) -> 24.988305 | G58: =D58/C58 -> 0.56772673 | H58: =C58-D58-E58 -> -2500231.1

Sheet ITEM_WISE
A1: Material Code | B1: Material Description | C1: Sum of RF May- 26 | D1: Sum of Sales Qty | E1: Sum of Ready + transist | F1: INV Days (R+T) | G1: Sale % to RF | H1: RF Pendency | I1: RF Pendency %
A2: 00189 | B2: Rich's Star Whip 1 Kg | C2: =VLOOKUP(A2,'Item wise'!A:H,3,) -> 1088745.6 | D2: =VLOOKUP(A2,'Item wise'!A:H,4,) -> 631428 | E2: =VLOOKUP(A2,'Item wise'!A:H,5,) -> 489132 | F2: =E2/(C2/30) -> 13.477859 | G2: =D2/C2 -> 0.57995918 | H2: =C2-D2-E2 -> -31814.4 | I2: =H2/C2 -> -0.029221151
A3: 13179 | B3: Rich’s Whip Topping Gold (India) | C3: =VLOOKUP(A3,'Item wise'!A:H,3,) -> 857921.04 | D3: =VLOOKUP(A3,'Item wise'!A:H,4,) -> 540564 | E3: =VLOOKUP(A3,'Item wise'!A:H,5,) -> 671700 | F3: =E3/(C3/30) -> 23.488176 | G3: =D3/C3 -> 0.63008596 | H3: =C3-D3-E3 -> -354342.96 | I3: =H3/C3 -> -0.41302514
A4: 16336 | B4: Sunwhip (India) 1 Kg | C4: =VLOOKUP(A4,'Item wise'!A:H,3,) -> 834183.48 | D4: =VLOOKUP(A4,'Item wise'!A:H,4,) -> 524808 | E4: =VLOOKUP(A4,'Item wise'!A:H,5,) -> 610680 | F4: =E4/(C4/30) -> 21.962075 | G4: =D4/C4 -> 0.62912778 | H4: =C4-D4-E4 -> -301304.52 | I4: =H4/C4 -> -0.36119694
A5: 07310 | B5: Rich's Cooking Rich Hot Kitchen Appl. | C5: =VLOOKUP(A5,'Item wise'!A:H,3,) -> 707016.72 | D5: =VLOOKUP(A5,'Item wise'!A:H,4,) -> 376728 | E5: =VLOOKUP(A5,'Item wise'!A:H,5,) -> 661020 | F5: =E5/(C5/30) -> 28.048276 | G5: =D5/C5 -> 0.53284171 | H5: =C5-D5-E5 -> -330731.28 | I5: =H5/C5 -> -0.46778424
A6: 06151 | B6: Rich's Double Dream | C6: =VLOOKUP(A6,'Item wise'!A:H,3,) -> 317299.56 | D6: =VLOOKUP(A6,'Item wise'!A:H,4,) -> 160128 | E6: =VLOOKUP(A6,'Item wise'!A:H,5,) -> 188004 | F6: =E6/(C6/30) -> 17.775379 | G6: =D6/C6 -> 0.50465875 | H6: =C6-D6-E6 -> -30832.44 | I6: =H6/C6 -> -0.097171392
A7: 02122 | B7: Rich's Dairy Free Whip Topping - 2 Kg | C7: =VLOOKUP(A7,'Item wise'!A:H,3,) -> 306618.96 | D7: =VLOOKUP(A7,'Item wise'!A:H,4,) -> 176112 | E7: =VLOOKUP(A7,'Item wise'!A:H,5,) -> 335568 | F7: =E7/(C7/30) -> 32.832412 | G7: =D7/C7 -> 0.57436761 | H7: =C7-D7-E7 -> -205061.04 | I7: =H7/C7 -> -0.66878134
A8: 14788 | B8: Rich’s Whip Topping-Gold 1 Kg | C8: =VLOOKUP(A8,'Item wise'!A:H,3,) -> 285586.44 | D8: =VLOOKUP(A8,'Item wise'!A:H,4,) -> 147672 | E8: =VLOOKUP(A8,'Item wise'!A:H,5,) -> 218856 | F8: =E8/(C8/30) -> 22.990167 | G8: =D8/C8 -> 0.51708337 | H8: =C8-D8-E8 -> -80941.56 | I8: =H8/C8 -> -0.28342228
A9: 08529 | B9: Rich's Truffle Base | C9: =VLOOKUP(A9,'Item wise'!A:H,3,) -> 203547.36 | D9: =VLOOKUP(A9,'Item wise'!A:H,4,) -> 111756 | E9: =VLOOKUP(A9,'Item wise'!A:H,5,) -> 194472 | F9: =E9/(C9/30) -> 28.66242 | G9: =D9/C9 -> 0.54904176 | H9: =C9-D9-E9 -> -102680.64 | I9: =H9/C9 -> -0.50445577
A10: 15536 | B10: Rich's Premium Truffle -2 Kg | C10: =VLOOKUP(A10,'Item wise'!A:H,3,) -> 187506.72 | D10: =VLOOKUP(A10,'Item wise'!A:H,4,) -> 96276 | E10: =VLOOKUP(A10,'Item wise'!A:H,5,) -> 231348 | F10: =E10/(C10/30) -> 37.014353 | G10: =D10/C10 -> 0.5134536 | H10: =C10-D10-E10 -> -140117.28 | I10: =H10/C10 -> -0.74726538
A11: 20308 | B11: Rich's Star Whip 2 kg | C11: =VLOOKUP(A11,'Item wise'!A:H,3,) -> 132859.56 | D11: =VLOOKUP(A11,'Item wise'!A:H,4,) -> 70704 | E11: =VLOOKUP(A11,'Item wise'!A:H,5,) -> 148104 | F11: =E11/(C11/30) -> 33.44223 | G11: =D11/C11 -> 0.53217096 | H11: =C11-D11-E11 -> -85948.44 | I11: =H11/C11 -> -0.64691197
A12: 01167 | B12: Rich's Sweetmate (India) 1 Kg | C12: =VLOOKUP(A12,'Item wise'!A:H,3,) -> 129866.16 | D12: =VLOOKUP(A12,'Item wise'!A:H,4,) -> 84420 | E12: =VLOOKUP(A12,'Item wise'!A:H,5,) -> 90168 | F12: =E12/(C12/30) -> 20.829445 | G12: =D12/C12 -> 0.65005387 | H12: =C12-D12-E12 -> -44721.84 | I12: =H12/C12 -> -0.34436869
A13: 23638 | B13: Rich's Versatie Gold- Cooking Base 1 ltr | C13: =VLOOKUP(A13,'Item wise'!A:H,3,) -> 106652.04 | D13: =VLOOKUP(A13,'Item wise'!A:H,4,) -> 48468 | E13: =VLOOKUP(A13,'Item wise'!A:H,5,) -> 70128 | F13: =E13/(C13/30) -> 19.726205 | G13: =D13/C13 -> 0.45444982 | H13: =C13-D13-E13 -> -11943.96 | I13: =H13/C13 -> -0.11198998
... A52: 24216 | B52: Versatie Export | C52: =VLOOKUP(A52,'Item wise'!A:H,3,) -> 0 | D52: =VLOOKUP(A52,'Item wise'!A:H,4,) -> 0 | E52: =VLOOKUP(A52,'Item wise'!A:H,5,) -> 216 | F52: =E52/(C52/30) -> #DIV/0! | G52: =D52/C52 -> #DIV/0! | H52: =C52-D52-E52 -> -216 | I52: =H52/C52 -> #DIV/0!
A53: Grand Total | C53: =SUM(C2:C52) -> 6240121.9 | D53: =SUM(D2:D52) -> 3542684 | E53: =SUM(E2:E52) -> 5196265 | G53: =D53/C53 -> 0.56772673

Sheet RF Pendency Pivot
D1: 4 | E1: 5 | F1: 6 | G1: 7 | H1: 8 | I1: 9 | J1: 10 | K1: 11 | L1: 12 | M1: 13 | N1: 14 | O1: 15 | P1: 16 | Q1: 17 | R1: 18 | S1: 19 | T1: 20 | U1: 21
D2: RPSPL-BNG | E2: RPSPL-CH | F2: RPSPL-DEL | G2: RPSPL-GT | H2: RPSPL-GUJ | I2: RPSPL-HP Factory | J2: RPSPL-HY | K2: RPSPL-KER | L2: RPSPL-KOL | M2: RPSPL-MP | N2: RPSPL-PBN | O2: RPSPL-PC | P2: RPSPL-RJ | Q2: RPSPL-NG | R2: RPSPL-PA | S2: RPSPL-KNP | T2: RPSPL-KH | U2: RPSPL-Sonipat
A3: Sum of RF Pendency | D3: Plant Name
A4: Material Code | B4: Material Description | C4: Cat | D4: RPSPL-BNG | E4: RPSPL-CH | F4: RPSPL-DEL | G4: RPSPL-GT | H4: RPSPL-GUJ | I4: RPSPL-HP Factory | J4: RPSPL-HY | K4: RPSPL-KER | L4: RPSPL-KOL | M4: RPSPL-MP | N4: RPSPL-PBN | O4: RPSPL-PC | P4: RPSPL-RJ | Q4: RPSPL-NG | R4: RPSPL-PA | S4: RPSPL-KNP | T4: RPSPL-KH | U4: RPSPL-Sonipat | V4: Grand Total
A5: 00189 | B5: Rich's Star Whip 1 Kg | C5: T&I | D5: 13663.2 | E5: -15716.04 | G5: -14290.92 | H5: 2520.48 | I5: 5266.08 | J5: 11456.04 | K5: 14091.96 | L5: 0 | M5: -17594.64 | N5: -893.4 | O5: -8828.76 | P5: -6212.04 | Q5: -3748.8 | R5: -70.56 | S5: -10200.96 | T5: 0 | U5: -1256.04 | V5: -31814.4
A6: 01167 | B6: Rich's Sweetmate (India) 1 Kg | C6: T&I | D6: -3527.16 | E6: -59.16 | G6: -1478.04 | H6: -4774.44 | J6: -6913.56 | K6: -2064 | L6: -1255.56 | M6: -1552.8 | N6: -6022.08 | O6: -7806.12 | P6: -1044 | Q6: -4351.2 | R6: -789.36 | S6: -1468.32 | U6: -1616.04 | V6: -44721.84
A7: 01296 | B7: Rich’s Cremagic - 2 Kg | C7: T&I | D7: -1051.32 | E7: -704.52 | G7: -253.32 | H7: -392.64 | I7: 550.2 | J7: -918.12 | K7: -2876.04 | L7: -3005.76 | M7: -1317.12 | N7: -711.36 | O7: -4966.8 | P7: -840 | Q7: -1965 | R7: -5.04 | S7: -1351.92 | U7: -816 | V7: -20624.76
A8: 02122 | B8: Rich's Dairy Free Whip Topping - 2 Kg | C8: T&I | D8: -32178.96 | E8: -5392.8 | G8: -1263.96 | H8: -8620.68 | I8: 54.36 | J8: -2409.96 | K8: -4368 | L8: -1063.8 | M8: -2501.16 | N8: -110868 | O8: -16238.28 | P8: -3132 | Q8: -2682.12 | R8: -210.72 | S8: -3088.92 | U8: -11096.04 | V8: -205061.04
A9: 05159 | B9: Rich's Whip Topping-Gold 500 G (India) | C9: T&I | D9: 82.56 | E9: -65.76 | G9: 1125.12 | H9: -467.28 | I9: -3624 | J9: -28.56 | K9: -2784 | L9: -480 | N9: -15036 | O9: -76.92 | P9: -24 | Q9: -1.44 | V9: -21380.28
A10: 06982 | B10: Rich's Chocolate Whip Topping | C10: T&I | D10: -1794.6 | E10: -52.56 | G10: -433.68 | H10: -6892.68 | J10: -3683.28 | K10: -7804.08 | L10: -96.24 | M10: -5761.2 | N10: -1644 | O10: -5334.24 | P10: -984 | Q10: -7108.68 | R10: -504 | S10: -4181.28 | U10: -1448.04 | V10: -47722.56
A11: 07310 | B11: Rich's Cooking Rich Hot Kitchen Appl. | C11: T&I | D11: -32952 | E11: -15032.64 | G11: -2489.64 | H11: -17929.56 | I11: 5526.96 | J11: -21795 | K11: -19074.24 | L11: -15092.4 | M11: -30022.8 | N11: -73307.16 | O11: -26913 | P11: -19792.08 | Q11: -14590.68 | R11: -2316.24 | S11: -11014.8 | U11: -33936 | V11: -330731.28
A12: 08529 | B12: Rich's Truffle Base | C12: T&I | D12: -15342.12 | E12: -7022.76 | G12: -2338.32 | H12: -5992.44 | I12: -2172 | J12: -5372.76 | K12: -648 | L12: -5307.48 | M12: -5410.32 | N12: -13201.44 | O12: -17130.72 | P12: -2964 | Q12: -6760.44 | R12: -5076 | S12: -3725.76 | U12: -4216.08 | V12: -102680.64
A13: 13179 | B13: Rich’s Whip Topping Gold (India) | C13: T&I | D13: -39369.36 | E13: -10682.88 | H13: -13057.8 | I13: -16514.28 | J13: -2426.64 | K13: -102488.04 | L13: -60 | M13: -7869.72 | N13: -87224.04 | O13: -34595.52 | P13: -4560 | Q13: -9004.44 | S13: -21334.2 | U13: -5156.04 | V13: -354342.96
A14: 13678 | B14: Rich’s New Niagara Farms | C14: T&I | D14: -1569.24 | E14: -1492.92 | G14: -32.04 | H14: -2771.88 | I14: -48 | J14: -4395.24 | K14: -836.76 | L14: -1207.56 | M14: -2633.64 | N14: -6052.08 | O14: -3025.44 | P14: -3016.08 | Q14: -5066.64 | R14: -122.04 | S14: -4476 | U14: -1232.04 | V14: -37977.6
A15: 14654 | B15: Rich's Bettercreme | C15: T&I | D15: -635.88 | E15: 118.68 | G15: -907.92 | H15: -0.12 | I15: -36 | J15: -58.32 | K15: -2904.24 | L15: -1011.12 | M15: -861.48 | N15: -12846.48 | O15: -2589.96 | P15: -12 | Q15: -417.48 | R15: -18.72 | S15: 947.76 | U15: 583.92 | V15: -20649.36
A16: 15459 | B16: Rich's Cooking Rich-Hot Kitchen (10 Kg) | C16: T&I | I16: -220 | K16: -13254.8 | N16: -39920 | O16: -6180 | V16: -59574.8
A17: 16336 | B17: Sunwhip (India) 1 Kg | C17: T&I | D17: -36207.72 | E17: -5017.32 | G17: -6255.12 | H17: -16716.12 | I17: 1567.8 | J17: -33542.76 | K17: -20900.04 | L17: -27810.72 | M17: -40515.48 | N17: 447.12 | O17: -37991.64 | P17: -15248.04 | Q17: -33036.12 | R17: -8062.8 | S17: -18895.56 | U17: -3120 | V17: -301304.52
A18: 16984 | B18: Rich’s Niagara Farms Gold (1 Kg ) | C18: T&I | D18: -561.12 | E18: -616.56 | G18: -702.72 | H18: -308.88 | I18: -180 | J18: -380.52 | K18: -526.56 | L18: -17.64 | M18: -6860.88 | N18: -396 | O18: -2768.88 | P18: -204 | Q18: -187.68 | R18: -3.36 | S18: -234.72 | U18: -1108.08 | V18: -15057.6
A19: 16998 | B19: Rich's Excel Whip (1 Kg) | C19: T&I | D19: -1211.52 | E19: -3.12 | G19: -1121.64 | H19: -5127.96 | J19: -83.28 | K19: -1219.2 | L19: -1296.24 | M19: -31861.68 | N19: -8712 | O19: -4912.8 | P19: -5424 | Q19: -5763.96 | R19: -958.44 | S19: -2513.64 | U19: -3932.04 | V19: -74141.52
A20: 18098 | B20: Rich's ICEHOT All in one beverage base | C20: T&I | D20: -3245.4 | E20: -120 | G20: -219.36 | H20: -93.36 | J20: 1.44 | K20: -255.6 | L20: -86.04 | M20: -203.04 | N20: -2864.04 | O20: -3700.92 | P20: -368.04 | Q20: -381 | R20: -835.08 | S20: -328.32 | U20: -40.08 | V20: -12738.84
A21: 14788 | B21: Rich’s Whip Topping-Gold 1 Kg | C21: T&I | D21: -4152.48 | E21: -1410.48 | G21: -9168 | H21: 891.6 | J21: -719.52 | K21: -27092.04 | L21: -1681.68 | M21: -4450.08 | N21: -4129.56 | O21: -20747.16 | P21: 4515.96 | Q21: -6007.32 | R21: -6466.8 | U21: -324 | V21: -80941.56
A22: 15906 | B22: Rich’s Whip Topping (India) 1 Kg | C22: T&I | D22: -15547.2 | E22: -410.28 | H22: -1693.2 | I22: -36 | J22: -114.72 | K22: -58.68 | L22: -799.08 | M22: -480 | N22: -12396 | O22: -2119.92 | P22: -720 | Q22: -3012.12 | S22: -252 | U22: -1296 | V22: -38935.2
A23: 20308 | B23: Rich's Star Whip 2 kg | C23: T&I | D23: -8836.68 | E23: -2930.16 | G23: -2880 | H23: -8613.84 | I23: -144 | J23: -5665.8 | K23: -10931.76 | L23: -104.16 | M23: -3733.44 | N23: -21936 | O23: -15683.04 | R23: -1315.56 | S23: -2133.96 | U23: -1040.04 | V23: -85948.44
A24: 21910 | B24: Rich’s Sunwhip 2 Kg | C24: T&I | D24: -3.24 | E24: -783.96 | H24: -1606.56 | I24: -108 | J24: -59.4 | K24: -579.24 | L24: -5397.36 | N24: -51420 | O24: -1690.68 | R24: -2553.48 | S24: -2285.76 | U24: -3512.04 | V24: -69999.72
A25: 23081 | B25: Rich’s Icehot Creamery Dairy Beverage MI | C25: T&I | D25: -18.84 | E25: -192.24 | G25: -3.36 | H25: -42.72 | I25: -144 | J25: -299.76 | K25: 368.76 | L25: 108.6 | M25: -106.32 | N25: 24 | O25: -713.64 | P25: -84 | Q25: -114.72 | R25: -568.68 | S25: 162.36 | U25: 223.92 | V25: -1400.64
A26: 23401 | B26: New Toppin Pride (1 kg) | C26: T&I | D26: -1370.04 | E26: -18.6 | G26: -3153.96 | H26: 4.08 | J26: 3074.52 | K26: -4736.04 | L26: -364.92 | M26: -33036 | N26: 2106 | O26: -96 | Q26: -2359.92 | R26: -178.44 | S26: 424.92 | U26: -192 | V26: -39896.4
A27: 06151 | B27: Rich's Double Dream | C27: DD | D27: 700.56 | E27: -10335.36 | G27: 256.44 | H27: 2769.48 | J27: 6219 | K27: -4.08 | L27: -5765.16 | M27: -6857.76 | N27: 3063.96 | O27: 419.28 | P27: -4580.04 | Q27: -7164.36 | R27: -9132 | S27: 9097.68 | U27: -9520.08 | V27: -30832.44
A28: 20661 | B28: Rich’s Wilber Farms Dairy Cream 1ltr | C28: UHT-Chill | D28: -2304.6 | E28: -1239.84 | G28: 154.32 | H28: 448.32 | J28: -2629.44 | K28: 4299.96 | L28: -67.44 | M28: 1202.64 | N28: 1423.92 | O28: -3261.96 | P28: 282 | Q28: -407.64 | R28: -1000.92 | S28: 153.96 | U28: 243.92 | V28: -2702.8
A29: 04145 | B29: Rich's Nugel Caramel (1 Kg) | C29: NGL | D29: -294.21 | E29: -12.42 | G29: -86.04 | H29: -22.32 | J29: -101.07 | K29: -162.63 | L29: -774 | M29: -1191.42 | N29: -189 | O29: -5.58 | P29: -45 | Q29: -200.52 | R29: -329.58 | S29: -358.02 | U29: -387 | V29: -4158.81
A30: 13490 | B30: Rich's Nugel Neutral Glaze 2.5 Kg IN | C30: NGL | D30: -4794.6 | E30: -65.2 | G30: 78.1 | H30: -6118.4 | J30: -6094 | K30: -1891.5 | L30: -1202.2 | M30: -16635.1 | N30: -3950 | O30: 244.9 | P30: -900 | Q30: -1567.3 | R30: -1990 | S30: -2040 | U30: -2460 | V30: -49385.3
A31: 14248 | B31: Rich's Nugel Cocoa Glaze 2.5 Kg (India) | C31: NGL | D31: -1253.8 | E31: 2.8 | G31: -311.8 | H31: -175.4 | J31: -891.1 | K31: -88 | L31: -610.7 | M31: -13020.4 | N31: -240 | O31: 1200.8 | P31: 80 | Q31: -203.2 | R31: -288.6 | S31: -1030 | U31: -1510 | V31: -18339.4
A32: 15300 | B32: Rich's Nugel Pineapple Glaze 1.0 Kg IN | C32: NGL | D32: -237.42 | E32: -4.23 | G32: 0 | H32: -4.41 | J32: -53.55 | K32: -13.14 | L32: 131.31 | M32: -1268.19 | N32: -27 | O32: 3.15 | P32: -63 | Q32: -242.19 | R32: -236.97 | S32: -390.06 | U32: -234 | V32: -2639.7
A33: 15305 | B33: Rich's Nugel Strawberry Glaze 1.0 Kg IN | C33: NGL | D33: -101.97 | E33: 19.35 | G33: -59.58 | H33: -6.93 | L33: -86.04 | M33: -3428.64 | N33: -225 | O33: -72.18 | P33: -81 | Q33: -61.83 | R33: -182.97 | S33: -3.06 | U33: -279 | V33: -4568.85
A34: 15312 | B34: Rich's Nugel Blueberry Glaze 1.0 Kg IN | C34: NGL | D34: -79.11 | E34: -13.23 | G34: -76.77 | L34: -116.55 | M34: -1602 | N34: -369 | O34: -1.44 | Q34: -28.26 | R34: -2.97 | S34: -92.07 | V34: -2381.4
A35: 16407 | B35: Rich's Nugel White 1 Kg (India) | C35: NGL | D35: -520.38 | E35: -5.49 | G35: -140.58 | H35: -557.55 | J35: -210.6 | K35: -255.33 | L35: -96.03 | M35: -1930.41 | N35: -441 | O35: -83.52 | P35: -144 | Q35: -177.93 | R35: -0.09 | S35: -4.68 | U35: -423 | V35: -4990.59
A36: 15536 | B36: Rich's Premium Truffle -2 Kg | C36: Ganache | D36: -11385.6 | E36: -3961.92 | G36: -521.64 | H36: -3466.92 | J36: -4641.72 | K36: -1224 | L36: -3439.8 | M36: -49303.32 | N36: -8249.4 | O36: -12191.88 | P36: -10436.04 | Q36: -4580.64 | R36: -5514.6 | S36: -8407.8 | U36: -12792 | V36: -140117.28
A37: 20827 | B37: Rich’s Premium Truffle-RTUGanache-GS 2kg | C37: Ganache | D37: -866.88 | E37: -327.72 | G37: -277.68 | H37: -5021.16 | J37: -1148.04 | K37: -2568 | L37: -1209.36 | M37: -5538.24 | N37: -7972.08 | O37: -2461.32 | P37: -4840.08 | Q37: -3078.24 | R37: -861.36 | S37: -1620.6 | U37: -8564.04 | V37: -46354.8
A38: 23638 | B38: Rich's Versatie Gold- Cooking Base 1 ltr | C38: DD | D38: -10973.52 | E38: -915 | G38: -1139.64 | H38: -2796 | J38: -8180.28 | K38: 3712.68 | L38: 2767.08 | M38: -11812.08 | N38: 5587.92 | O38: 7327.92 | P38: 1176 | Q38: 3175.92 | R38: -1540.32 | S38: 2165.52 | U38: -500.16 | V38: -11943.96
A39: 24768 | B39: RWT Silver India 1kg | C39: T&I | D39: -25210.68 | E39: -1139.64 | G39: -19.56 | H39: -2649.36 | J39: -3030 | K39: -1332 | L39: -1202.52 | M39: -3445.2 | N39: -1147.08 | O39: -3637.68 | P39: -2488.08 | Q39: -4147.8 | R39: -2428.44 | S39: -3417.96 | U39: -6036.12 | V39: -61332.12
A40: 25616 | B40: RWT Gold - 10 kg | C40: T&I | E40: -3520.3 | N40: -16180 | V40: -19700.3
A41: 25598 | B41: Rich's Cheese Flv WT 1 kg (2025) | C41: T&I | D41: 3679.92 | E41: 718.92 | G41: -113.64 | H41: -338.4 | J41: 432.72 | K41: 1299.96 | L41: 3292.44 | M41: 42 | N41: 1185.6 | O41: 3531.72 | P41: -312 | Q41: -172.2 | R41: -108.72 | S41: 50.64 | U41: 43.92 | V41: 13232.88
A42: 25570 | B42: Rich'S Sun Whip Ultra (1 Kg) 2025 | C42: T&I | D42: -4569.48 | E42: -1337.52 | G42: -1546.32 | H42: -291.72 | I42: -12 | J42: -2374.56 | K42: -427.2 | L42: -5012.16 | M42: -180 | N42: -8196 | O42: -4253.04 | P42: -3024 | R42: -21.36 | S42: -862.32 | U42: -1044 | V42: -33151.68
A43: 25885 | B43: RWT Dairy Flavoured 1 Kg | C43: T&I | D43: -32.04 | E43: 39.48 | G43: -161.64 | H43: -1128 | J43: -7.68 | K43: -666.36 | L43: -8.04 | M43: -38520 | N43: -1200 | O43: -6104.28 | P43: -1020 | Q43: -1123.08 | R43: -21.36 | S43: -92.04 | U43: -1464 | V43: -51509.04
A44: 23890 | B44: Whip Topping Base (India) | C44: T&I | D44: -1020 | J44: -1128 | N44: -1356 | O44: -1116 | U44: -120 | V44: -4740
A45: 26234 | B45: Rich's Decadent Whip Topping 1 Kg | C45: T&I | D45: -924 | G45: -228 | H45: -1776 | J45: -876 | K45: -828 | L45: -552 | M45: -10680 | N45: -888 | O45: -1752 | S45: -336 | U45: -1032 | V45: -19872
A46: 26026 | B46: Rich's ICEHOT Multipurpose Base-UHT | C46: UHT-Chill | O46: -3119.16 | U46: -348 | V46: -3467.16
A47: 19690 | B47: Rich's Nufill Blueberry FruitFilling 1Kg | C47: NFL | D47: -858.24 | E47: -105.36 | F47: 0 | G47: -39.36 | H47: -145.44 | J47: 70.2 | K47: 213.6 | L47: -126.72 | M47: 14.76 | N47: -192 | O47: -63.36 | P47: -96 | Q47: -180 | R47: 0.96 | S47: -104.04 | U47: -1980 | V47: -3591
A48: 26192 | B48: Rich's dairy cooking cream | C48: DD | D48: 1979.52 | H48: 2986.08 | O48: 1979.52 | V48: 6945.12
A49: 26193 | B49: Rich's dairy Truffle Base | C49: DD | D49: -2292 | K49: -180 | N49: -360 | O49: 2638.68 | P49: -720 | U49: -4116 | V49: -5029.32
A50: 20160 | B50: RICH'S NUFILL DARK CHERRY FRUIT FILLING | C50: NFL | L50: 128.64 | R50: 128.64 | S50: 192.96 | V50: 450.24
A51: 20309 | B51: Rich's Nufill Strawberry Fruit Filling 1 | C51: NFL | G51: 192.96 | L51: 77.16 | R51: 128.64 | S51: 192.96 | V51: 591.72
A52: 26744 | B52: Rich's Nufill Red Cherry Fruit Filling 1 | C52: NFL | D52: -96 | H52: -48 | K52: -48 | O52: -192 | Q52: -48 | V52: -432
A53: 26745 | B53: Rich's Nufill Pineaaple Fruit Filling 1k | C53: NFL | D53: -492 | K53: -192 | L53: 128.64 | O53: -648 | Q53: -192 | R53: 128.64 | S53: 192.96 | V53: -1073.76
A54: 22059 | B54: Rich’s Truffle Base - Hazelnut Flavour | C54: T&I | R54: 128.64 | V54: 128.64
A55: 24216 | B55: Versatie Export | C55: DD | I55: -216 | V55: -216
A56: 27021 | B56: RWT Milky Bliss 1 Kg | C56: #N/A | D56: -96 | J56: -96 | K56: -96 | M56: -696 | O56: -120 | U56: -60 | V56: -1164
A57: 23691 | B57: RICH'S WT Gold 1 Kg (Middle East) | C57: T&I | I57: -240 | V57: -240
A58: Grand Total | D58: -247871.65 | E58: -89808.76 | F58: 0 | G58: -49907.31 | H58: -110028.13 | I58: -10728.88 | J58: -99075.32 | K58: -211390.68 | L58: -79772.61 | M58: -361621.16 | N58: -506922.68 | O58: -245847.87 | P58: -87323.56 | Q58: -126959.03 | R58: -53200.06 | S58: -92663.05 | T58: 0 | U58: -127110.32 | V58: -2500231.1

Sheet INV Days Pivot
D1: 4 | E1: 5 | F1: 6 | G1: 7 | H1: 8 | I1: 9 | J1: 10 | K1: 11 | L1: 12 | M1: 13 | N1: 14 | O1: 15 | P1: 16 | Q1: 17 | R1: 18 | S1: 19 | T1: 20 | U1: 21
D2: RPSPL-BNG | E2: RPSPL-CH | F2: RPSPL-DEL | G2: RPSPL-GT | H2: RPSPL-GUJ | I2: RPSPL-HP Factory | J2: RPSPL-HY | K2: RPSPL-KER | L2: RPSPL-KOL | M2: RPSPL-MP | N2: RPSPL-PBN | O2: RPSPL-PC | P2: RPSPL-RJ | Q2: RPSPL-NG | R2: RPSPL-PA | S2: RPSPL-KNP | T2: RPSPL-KH | U2: RPSPL-Sonipat
A3: Average of INV Days R+T | D3: Plant Name
A4: Material Code | B4: Material Description | C4: Cat | D4: RPSPL-BNG | E4: RPSPL-CH | F4: RPSPL-DEL | G4: RPSPL-GT | H4: RPSPL-GUJ | I4: RPSPL-HP Factory | J4: RPSPL-HY | K4: RPSPL-KER | L4: RPSPL-KOL | M4: RPSPL-MP | N4: RPSPL-PBN | O4: RPSPL-PC | P4: RPSPL-RJ | Q4: RPSPL-NG | R4: RPSPL-PA | S4: RPSPL-KNP | T4: RPSPL-KH | U4: RPSPL-Sonipat | V4: Grand Total
A5: 00189 | B5: Rich's Star Whip 1 Kg | C5: T&I | D5: 10.290835 | E5: 25.093916 | G5: 29.53974 | H5: 16.785468 | I5: 5.6127742 | J5: 8.6427633 | K5: 4.2750043 | L5: 9.57 | M5: 4.4662588 | N5: 15.850346 | O5: 14.78306 | P5: 30.960108 | Q5: 13.025949 | R5: 15.089687 | S5: 20.714059 | T5: 0 | U5: 10.260012 | V5: 13.821175
A6: 01167 | B6: Rich's Sweetmate (India) 1 Kg | C6: T&I | D6: 18.054197 | E6: 21.144295 | G6: 51.109868 | H6: 53.728681 | J6: 15.786437 | K6: 18.63 | L6: 27.013347 | M6: 38.112927 | N6: 20.994002 | O6: 17.814162 | P6: 36.25 | Q6: 25.962708 | R6: 34.135422 | S6: 27.179706 | U6: 22.430298 | V6: 28.556403
A7: 01296 | B7: Rich’s Cremagic - 2 Kg | C7: T&I | D7: 24.089707 | E7: 30.230794 | G7: 35.672651 | H7: 18.95012 | I7: 0 | J7: 24.219943 | K7: 26.574739 | L7: 28.064396 | M7: 40.763968 | N7: 19.100951 | O7: 20.135987 | P7: 22.086614 | Q7: 27.279503 | R7: 25.315331 | S7: 26.974393 | U7: 22.241379 | V7: 24.48128
A8: 02122 | B8: Rich's Dairy Free Whip Topping - 2 Kg | C8: T&I | D8: 26.078654 | E8: 32.885141 | G8: 48.976548 | H8: 35.994703 | I8: 28.54699 | J8: 21.482617 | K8: 31.918605 | L8: 16.373469 | M8: 36.100974 | N8: 223.152 | O8: 20.820449 | P8: 32.76 | Q8: 39.445879 | R8: 47.574627 | S8: 19.084523 | U8: 17.247281 | V8: 42.402654
A9: 05159 | B9: Rich's Whip Topping-Gold 500 G (India) | C9: T&I | D9: 15.625 | E9: 29.275093 | G9: 11.374938 | H9: 28.467595 | I9: 0 | J9: 49.723757 | K9: 20.44 | L9: 0 | N9: 0 | O9: 26.590693 | P9: 0 | Q9: 31.25 | V9: 17.728923
A10: 06982 | B10: Rich's Chocolate Whip Topping | C10: T&I | D10: 16.938905 | E10: 16.813513 | G10: 40.592372 | H10: 41.29141 | J10: 40.592101 | K10: 19.513533 | L10: 17.972866 | M10: 91.492777 | N10: 17.653846 | O10: 18.532898 | P10: 75.319149 | Q10: 38.001097 | R10: 0 | S10: 56.719073 | U10: 24.42892 | V10: 34.390831
A11: 07310 | B11: Rich's Cooking Rich Hot Kitchen Appl. | C11: T&I | D11: 25.819706 | E11: 40.672002 | G11: 49.503566 | H11: 24.098389 | I11: 5.1744583 | J11: 37.610928 | K11: 46.177053 | L11: 31.481217 | M11: 44.020332 | N11: 45.236675 | O11: 18.872088 | P11: 39.024156 | Q11: 47.712923 | R11: 34.966665 | S11: 27.066075 | U11: 18.410769 | V11: 33.490438
A12: 08529 | B12: Rich's Truffle Base | C12: T&I | D12: 33.852343 | E12: 33.896461 | G12: 42.85075 | H12: 34.590419 | I12: 0 | J12: 22.946048 | K12: 16.128 | L12: 34.927275 | M12: 37.17868 | N12: 35.050063 | O12: 22.328365 | P12: 34.86 | Q12: 38.119164 | R12: 30.665323 | S12: 25.640229 | U12: 20.295487 | V12: 28.958038
A13: 13179 | B13: Rich’s Whip Topping Gold (India) | C13: T&I | D13: 23.583288 | E13: 22.787697 | H13: 35.438884 | I13: 62.745378 | J13: 10.217507 | K13: 23.53255 | L13: 0 | M13: 26.971502 | N13: 39.511419 | O13: 22.709439 | P13: 24.96 | Q13: 30.4744 | S13: 24.081307 | U13: 12.002405 | V13: 25.643984
A14: 13678 | B14: Rich’s New Niagara Farms | C14: T&I | D14: 31.539889 | E14: 164.67463 | G14: 17.25478 | H14: 26.715539 | I14: 0 | J14: 21.933574 | K14: 29.15317 | L14: 27.173189 | M14: 32.032377 | N14: 25.489566 | O14: 24.838883 | P14: 26.100653 | Q14: 34.961451 | R14: 21.451222 | S14: 21.24 | U14: 22.535701 | V14: 32.943414
A15: 14654 | B15: Rich's Bettercreme | C15: T&I | D15: 11.224644 | E15: 7.5724606 | G15: 19.764647 | H15: 16.262779 | I15: 0 | J15: 11.84196 | K15: 36.540396 | L15: 27.892479 | M15: 25.461807 | N15: 39.04776 | O15: 20.303636 | P15: 17.88 | Q15: 23.750089 | R15: 27.420257 | S15: 5.9443331 | U15: 11.567289 | V15: 18.904659
A16: 15459 | B16: Rich's Cooking Rich-Hot Kitchen (10 Kg) | C16: T&I | I16: 0 | K16: 39.104166 | N16: 0 | O16: 32.750583 | V16: 17.963687
A17: 16336 | B17: Sunwhip (India) 1 Kg | C17: T&I | D17: 24.491938 | E17: 21.391306 | G17: 37.243253 | H17: 24.149009 | I17: 1.7309773 | J17: 61.110865 | K17: 29.635757 | L17: 27.921991 | M17: 96.965925 | N17: 8.6804141 | O17: 16.171572 | P17: 26.847027 | Q17: 29.67816 | R17: 13.714331 | S17: 19.362139 | U17: 12.310345 | V17: 28.212813
A18: 16984 | B18: Rich’s Niagara Farms Gold (1 Kg ) | C18: T&I | D18: 31.094527 | E18: 27.202696 | G18: 90.951493 | H18: 20.860573 | I18: 0 | J18: 95.659876 | K18: 189.32039 | L18: 13.564536 | M18: 118.03162 | N18: 70.588235 | O18: 36.653884 | P18: 42.5 | Q18: 106.34328 | R18: 16.791045 | S18: 51.772388 | U18: 38.816109 | V18: 59.384416
A19: 16998 | B19: Rich's Excel Whip (1 Kg) | C19: T&I | D19: 41.683327 | E19: 13.729977 | G19: 38.875682 | H19: 42.797775 | J19: 131.06796 | K19: 64.09396 | L19: 26.015199 | M19: 219.72133 | N19: 38.76 | O19: 22.469761 | P19: 38.366834 | Q19: 43.852213 | R19: 56.293208 | S19: 49.503566 | U19: 35.640356 | V19: 57.524743
A20: 18098 | B20: Rich's ICEHOT All in one beverage base | C20: T&I | D20: 36.953398 | E20: 0 | G20: 81.156716 | H20: 23.782876 | J20: 29.126214 | K20: 44.295302 | L20: 23.503078 | M20: 61.567164 | N20: 84.741069 | O20: 23.560372 | P20: 29.881195 | Q20: 39.792746 | R20: 52.232309 | S20: 28.618631 | U20: 29.304469 | V20: 39.234369
A21: 14788 | B21: Rich’s Whip Topping-Gold 1 Kg | C21: T&I | D21: 21.264968 | E21: 23.401815 | G21: 34.426667 | H21: 16.411422 | J21: 56.462358 | K21: 26.397837 | L21: 15.152968 | M21: 29.992662 | N21: 28.468991 | O21: 23.526917 | P21: 15.57821 | Q21: 20.797154 | R21: 25.747854 | U21: 50.25 | V21: 27.705702
A22: 15906 | B22: Rich’s Whip Topping (India) 1 Kg | C22: T&I | D22: 91.249297 | E22: 38.154392 | H22: 34.991974 | I22: 0 | J22: 44.031311 | K22: 58.708415 | L22: 36.189529 | M22: 0 | N22: 0 | O22: 21.576999 | P22: 32.386364 | Q22: 34.552153 | S22: 0 | U22: 24.64 | V22: 29.748602
A23: 20308 | B23: Rich's Star Whip 2 kg | C23: T&I | D23: 37.05699 | E23: 34.889481 | G23: 0 | H23: 27.391482 | I23: 0 | J23: 25.757995 | K23: 29.998795 | L23: 25.912997 | M23: 59.672572 | N23: 0 | O23: 22.320712 | R23: 38.761755 | S23: 33.493299 | U23: 24.750619 | V23: 25.714764
A24: 21910 | B24: Rich’s Sunwhip 2 Kg | C24: T&I | D24: 30.927835 | E24: 226.85789 | H24: 34.739152 | I24: 0 | J24: 78.688525 | K24: 37.780007 | L24: 67.711248 | N24: 0 | O24: 26.984377 | R24: 34.072472 | S24: 23.495773 | U24: 25.776103 | V24: 48.919448
A25: 23081 | B25: Rich’s Icehot Creamery Dairy Beverage MI | C25: T&I | D25: 25.444655 | E25: 45.050056 | G25: 30.783582 | H25: 18.190299 | I25: 0 | J25: 20.799742 | K25: 17.120797 | L25: 24.783478 | M25: 154.20561 | N25: 28.666667 | O25: 13.984058 | P25: 30 | Q25: 22.38806 | R25: 55.400112 | S25: 17.899594 | U25: 17.007366 | V25: 32.607754
A26: 23401 | B26: New Toppin Pride (1 kg) | C26: T&I | D26: 17.532649 | E26: 18.37043 | G26: 34.463038 | H26: 26.639148 | J26: 9.7638451 | K26: 17.354531 | L26: 21.7576 | M26: 0 | N26: 14.978602 | O26: 22.32 | Q26: 50.398387 | R26: 25.019203 | S26: 16.788957 | U26: 22.941176 | V26: 21.309112
A27: 06151 | B27: Rich's Double Dream | C27: DD | D27: 10.505184 | E27: 55.127944 | G27: 16.463756 | H27: 14.351818 | J27: 12.176894 | K27: 13.500135 | L27: 26.652842 | M27: 40.138613 | N27: 11.047528 | O27: 16.168058 | P27: 24.784692 | Q27: 34.057135 | R27: 47.264654 | S27: 0.14182832 | U27: 26.36483 | V27: 23.249727
A28: 20661 | B28: Rich’s Wilber Farms Dairy Cream 1ltr | C28: UHT-Chill | D28: 18.440871 | E28: 69.40874 | G28: 0 | H28: 0 | J28: 30.545113 | K28: 3.6000176 | L28: 20.526922 | M28: 0 | N28: 2.2987151 | O28: 30.584081 | P28: 7.0408163 | Q28: 17.011117 | R28: 76.962944 | S28: 27.047193 | U28: 6.0001371 | V28: 20.631111
A29: 04145 | B29: Rich's Nugel Caramel (1 Kg) | C29: NGL | D29: 29.720805 | E29: 41.436464 | G29: 22.38806 | H29: 47.619048 | J29: 52.924791 | K29: 47.844064 | L29: 49.875 | M29: 289.32969 | N29: 49.5 | O29: 4.3406366 | P29: 50 | Q29: 40.419162 | R29: 144.98141 | S29: 54.003724 | U29: 45 | V29: 64.625523
A30: 13490 | B30: Rich's Nugel Neutral Glaze 2.5 Kg IN | C30: NGL | D30: 25.613426 | E30: 15.64143 | G30: 25.171891 | H30: 157.24683 | J30: 29.942898 | K30: 23.58525 | L30: 26.865846 | M30: 656.2137 | N30: 41.175 | O30: 0 | P30: 50.333333 | Q30: 33.02829 | R30: 51.139896 | S30: 41.036269 | U30: 34.775087 | V30: 80.78461
A31: 14248 | B31: Rich's Nugel Cocoa Glaze 2.5 Kg (India) | C31: NGL | D31: 41.836568 | E31: 11.889036 | G31: 49.217002 | H31: 28.189255 | J31: 37.155537 | K31: 58.695652 | L31: 35.266686 | M31: 3025.463 | N31: 11.775701 | O31: 6.6882854 | P31: 0 | Q31: 13.372957 | R31: 21.380045 | S31: 36.062176 | U31: 36.734694 | V31: 227.58177
A32: 15300 | B32: Rich's Nugel Pineapple Glaze 1.0 Kg IN | C32: NGL | D32: 36.555646 | E32: 0 | G32: 0 | H32: 24.810476 | J32: 59.259259 | K32: 111.11111 | L32: 13.641133 | M32: 206.58294 | N32: 31.428571 | O32: 4.4609665 | P32: 38.823529 | Q32: 51.97055 | R32: 59.481444 | S32: 38.017145 | U32: 45.882353 | V32: 48.135008
A33: 15305 | B33: Rich's Nugel Strawberry Glaze 1.0 Kg IN | C33: NGL | D33: 41.522491 | E33: 0 | G33: 33.457249 | H33: 29.252438 | L33: 27.985075 | M33: 1902.3179 | N33: 330 | O33: 35.248042 | P33: 46.666667 | Q33: 40.590406 | R33: 50.330452 | S33: 19.008572 | U33: 42.857143 | V33: 199.94126
A34: 15312 | B34: Rich's Nugel Blueberry Glaze 1.0 Kg IN | C34: NGL | D34: 23.506366 | E34: 39.215686 | G34: 64.257028 | L34: 42.990654 | M34: 0 | N34: 307.5 | O34: 27.540564 | Q34: 64.516129 | R34: 22.877478 | S34: 50.139276 | V34: 64.254318
A35: 16407 | B35: Rich's Nugel White 1 Kg (India) | C35: NGL | D35: 44.174968 | E35: 25.341131 | G35: 94.795539 | H35: 51.391863 | J35: 36.090226 | K35: 64.55542 | L35: 25.182652 | M35: 467.26396 | N35: 34.615385 | O35: 17.749863 | P35: 45 | Q35: 21.82406 | R35: 19.539428 | S35: 18.886402 | U35: 32.790698 | V35: 66.613439
A36: 15536 | B36: Rich's Premium Truffle -2 Kg | C36: Ganache | D36: 23.544831 | E36: 30.429998 | G36: 22.094812 | H36: 33.326799 | J36: 21.573571 | K36: 32 | L36: 32.411264 | M36: 560.82399 | N36: 23.385897 | O36: 30.455773 | P36: 47.41219 | Q36: 44.843171 | R36: 31.262569 | S36: 39.199354 | U36: 29.505882 | V36: 66.818007
A37: 20827 | B37: Rich’s Premium Truffle-RTUGanache-GS 2kg | C37: Ganache | D37: 11.049724 | E37: 22.259058 | G37: 23.652248 | H37: 31.406129 | J37: 16.200295 | K37: 47.828571 | L37: 22.663682 | M37: 62.944678 | N37: 33.988635 | O37: 21.456189 | P37: 60.687101 | Q37: 40.293306 | R37: 33.855624 | S37: 24.716054 | U37: 29.700106 | V37: 32.180093
A38: 23638 | B38: Rich's Versatie Gold- Cooking Base 1 ltr | C38: DD | D38: 58.8283 | E38: 21.535807 | G38: 43.646945 | H38: 49.05 | J38: 45.132473 | K38: 0 | L38: 6.7759382 | M38: 78.553257 | N38: 8.3342922 | O38: 5.3100212 | P38: 7.26 | Q38: 0 | R38: 27.339586 | S38: 9.9055831 | U38: 15.777611 | V38: 25.163321
A39: 24768 | B39: RWT Silver India 1kg | C39: T&I | D39: 97.319958 | E39: 35.695087 | G39: 22.138157 | H39: 27.704124 | J39: 38.691589 | K39: 31.08 | L39: 26.591193 | M39: 50.24077 | N39: 17.514096 | O39: 33.812342 | P39: 21.703353 | Q39: 53.076512 | R39: 49.405745 | S39: 41.251212 | U39: 21.747826 | V39: 37.864798
A40: 25616 | B40: RWT Gold - 10 kg | C40: T&I | E40: 29.423327 | N40: 0 | V40: 14.711663
A41: 25598 | B41: Rich's Cheese Flv WT 1 kg (2025) | C41: T&I | D41: 0 | E41: 7.7967643 | G41: 16.081667 | H41: 22.429907 | J41: 2.7251492 | K41: 5.7600576 | L41: 0.15984229 | M41: 4 | N41: 0 | O41: 14.515326 | P41: 280 | Q41: 8.1871345 | R41: 22.129897 | S41: 18.746503 | U41: 11.330256 | V41: 27.590833
A42: 25570 | B42: Rich'S Sun Whip Ultra (1 Kg) 2025 | C42: T&I | D42: 33.072129 | E42: 30.571775 | G42: 43.298277 | H42: 121.26538 | I42: 0 | J42: 27.207732 | K42: 37.248322 | L42: 28.911565 | M42: 0 | N42: 849.6 | O42: 110.44177 | P42: 82.142857 | R42: 26.021265 | S42: 30.2081 | U42: 17.34375 | V42: 95.822194
A43: 25885 | B43: RWT Dairy Flavoured 1 Kg | C43: T&I | D43: 5.1429306 | E43: 21.588382 | G43: 26.569711 | H43: 46.744186 | J43: 9.8980204 | K43: 17.384521 | L43: 20.985543 | M43: 775.11628 | N43: 45.428571 | O43: 47.254456 | P43: 200 | Q43: 37.69195 | R43: 29.099049 | S43: 27.514379 | U43: 27.325581 | V43: 89.182904
A44: 23890 | B44: Whip Topping Base (India) | C44: T&I | D44: 0 | J44: 0 | N44: 0 | O44: 0 | U44: 0 | V44: 0
A45: 26234 | B45: Rich's Decadent Whip Topping 1 Kg | C45: T&I | D45: 0 | G45: 0 | H45: 0 | J45: 0 | K45: 0 | L45: 0 | M45: 0 | N45: 770 | O45: 0 | S45: 0 | U45: 1320 | V45: 190
A46: 26026 | B46: Rich's ICEHOT Multipurpose Base-UHT | C46: UHT-Chill | O46: 81.791882 | U46: 0 | V46: 40.895941
A47: 19690 | B47: Rich's Nufill Blueberry FruitFilling 1Kg | C47: NFL | D47: 116.70481 | E47: 52.837573 | F47: 0 | G47: 39.179104 | H47: 156.25 | J47: 15.162455 | K47: 3.358209 | L47: 39.179104 | M47: 26.117237 | N47: 70 | O47: 6.7365269 | P47: 66 | Q47: 0 | R47: 13.059701 | S47: 32.644178 | U47: 55.384615 | V47: 43.288344
A48: 26192 | B48: Rich's dairy cooking cream | C48: DD | D48: 0 | H48: 0 | O48: 0 | V48: 0
A49: 26193 | B49: Rich's dairy Truffle Base | C49: DD | D49: 0 | K49: 0 | N49: 0 | O49: 0 | P49: 0 | U49: 0 | V49: 0
A50: 20160 | B50: RICH'S NUFILL DARK CHERRY FRUIT FILLING | C50: NFL | L50: 0 | R50: 0 | S50: 0 | V50: 0
A51: 20309 | B51: Rich's Nufill Strawberry Fruit Filling 1 | C51: NFL | G51: 0 | L51: 0 | R51: 0 | S51: 0 | V51: 0
A52: 26744 | B52: Rich's Nufill Red Cherry Fruit Filling 1 | C52: NFL | D52: 0 | H52: 0 | K52: 0 | O52: 0 | Q52: 0 | V52: 0
A53: 26745 | B53: Rich's Nufill Pineaaple Fruit Filling 1k | C53: NFL | D53: 0 | K53: 0 | L53: 0 | O53: 0 | Q53: 0 | R53: 0 | S53: 0 | V53: 0
A54: 22059 | B54: Rich’s Truffle Base - Hazelnut Flavour | C54: T&I | R54: 0 | V54: 0
A55: 24216 | B55: Versatie Export | C55: DD | I55: 0 | V55: 0
A56: 27021 | B56: RWT Milky Bliss 1 Kg | C56: #N/A | D56: 0 | J56: 0 | K56: 0 | M56: 0 | O56: 0 | U56: 0 | V56: 0
A57: 23691 | B57: RICH'S WT Gold 1 Kg (Middle East) | C57: T&I | I57: 0 | V57: 0
A58: Grand Total | D58: 26.940795 | E58: 35.494673 | F58: 0 | G58: 33.431128 | H58: 36.082899 | I58: 5.4637146 | J58: 32.10647 | K58: 31.529627 | L58: 22.610614 | M58: 243.73327 | N58: 78.92007 | O58: 20.949014 | P58: 45.246139 | Q58: 32.396411 | R58: 32.840564 | S58: 25.10265 | T58: 0 | U58: 55.155528 | V58: 47.800522

Sheet HUB wise lifting
B1: Cat | C1: DD | K1: Cat | L1: Ganache | T1: Cat | U1: NFL | AC1: Cat | AD1: NGL | AL1: Cat | AM1: T&I | AU1: Cat | AV1: UHT-Chill
C3: Values | L3: Values | U3: Values | AD3: Values | AM3: Values | AV3: Values
B4: Plant Name | C4: Sum of RF May- 26 | D4: Sum of Sales Qty | E4: Sum of Ready Stock | F4: Sum of Ready + transist | G4: Sale % | H4: INV Days | K4: Plant Name | L4: Sum of RF May- 26 | M4: Sum of Sales Qty | N4: Sum of Ready Stock | O4: Sum of Ready + transist | P4: Sale % | Q4: INV Days | T4: Plant Name | U4: Sum of RF May- 26 | V4: Sum of Sales Qty | W4: Sum of Ready Stock | X4: Sum of Ready + transist | Y4: Sale % | Z4: INV Days | AC4: Plant Name | AD4: Sum of RF May- 26 | AE4: Sum of Sales Qty | AF4: Sum of Ready Stock | AG4: Sum of Ready + transist | AH4: Sale % | AI4: INV Days | AL4: Plant Name | AM4: Sum of RF May- 26 | AN4: Sum of Sales Qty | AO4: Sum of Ready Stock | AP4: Sum of Ready + transist | AQ4: Sale % | AR4: INV Days | AU4: Plant Name | AV4: Sum of RF May- 26 | AW4: Sum of Sales Qty | AX4: Sum of Ready Stock | AY4: Sum of Ready + transist | AZ4: Sale % | BA4: INV Days
B5: RPSPL-BNG | C5: 59170.56 | D5: 37812 | E5: 20868 | F5: 31944 | G5: =D5/C5 -> 0.63903401 | H5: =E5/(C5/30) -> 10.580262 | K5: RPSPL-BNG | L5: 39731.52 | M5: 24384 | N5: 25200 | O5: 27600 | P5: =M5/L5 -> 0.61371928 | Q5: =N5/(L5/30) -> 19.027714 | T5: RPSPL-BNG | U5: 209.76 | V5: 252 | W5: 1404 | X5: 1404 | Y5: =V5/U5 -> 1.201373 | Z5: =W5/(U5/30) -> 200.80092 | AC5: RPSPL-BNG | AD5: 10508.51 | AE5: 7741 | AF5: 8444 | AG5: 10049 | AH5: =AE5/AD5 -> 0.73664107 | AI5: =AF5/(AD5/30) -> 24.106177 | AL5: RPSPL-BNG | AM5: 619326.6 | AN5: 371916 | AO5: 281424 | AP5: 461316 | AQ5: =AN5/AM5 -> 0.60051675 | AR5: =AO5/(AM5/30) -> 13.632097 | AU5: RPSPL-BNG | AV5: 8843.4 | AW5: 5712 | AX5: 5436 | AY5: 5436 | AZ5: =AW5/AV5 -> 0.64590542 | BA5: =AX5/(AV5/30) -> 18.440871
B6: RPSPL-CH | C6: 12893.64 | D6: 4344 | E6: 19800 | F6: 19800 | G6: =D6/C6 -> 0.33691029 | H6: =E6/(C6/30) -> 46.069225 | K6: RPSPL-CH | L6: 10026.36 | M6: 4560 | N6: 9756 | O6: 9756 | P6: =M6/L6 -> 0.45480114 | Q6: =N6/(L6/30) -> 29.191052 | T6: RPSPL-CH | U6: 122.64 | V6: 12 | W6: 216 | X6: 216 | Y6: =V6/U6 -> 0.097847358 | Z6: =W6/(U6/30) -> 52.837573 | AC6: RPSPL-CH | AD6: 5121.58 | AE6: 2520 | AF6: 2680 | AG6: 2680 | AH6: =AE6/AD6 -> 0.49203566 | AI6: =AF6/(AD6/30) -> 15.698281 | AL6: RPSPL-CH | AM6: 281850.86 | AN6: 104760 | AO6: 195348 | AP6: 249936 | AQ6: =AN6/AM6 -> 0.37168593 | AR6: =AO6/(AM6/30) -> 20.792699 | AU6: RPSPL-CH | AV6: 560.16 | AW6: 504 | AX6: 1296 | AY6: 1296 | AZ6: =AW6/AV6 -> 0.89974293 | BA6: =AX6/(AV6/30) -> 69.40874
B7: RPSPL-GT | C7: 6112.8 | D7: 2184 | E7: 4812 | F7: 4812 | G7: =D7/C7 -> 0.35728308 | H7: =E7/(C7/30) -> 23.616019 | K7: RPSPL-GT | L7: 3700.68 | M7: 1716 | N7: 2784 | O7: 2784 | P7: =M7/L7 -> 0.46369856 | Q7: =N7/(L7/30) -> 22.568825 | T7: RPSPL-DEL | U7: 0 | V7: 0 | W7: 0 | X7: 0 | Y7: =V7/U7 -> #DIV/0! | Z7: =W7/(U7/30) -> #DIV/0! | AC7: RPSPL-GT | AD7: 1573.33 | AE7: 515 | AF7: 1655 | AG7: 1655 | AH7: =AE7/AD7 -> 0.3273312 | AI7: =AF7/(AD7/30) -> 31.55727 | AL7: RPSPL-GT | AM7: 92991.96 | AN7: 38052 | AO7: 102876 | AP7: 102876 | AQ7: =AN7/AM7 -> 0.40919667 | AR7: =AO7/(AM7/30) -> 33.188676 | AU7: RPSPL-GT | AV7: 154.32 | AW7: 0 | AX7: 0 | AY7: 0 | AZ7: =AW7/AV7 -> 0 | BA7: =AX7/(AV7/30) -> 0
B8: RPSPL-GUJ | C8: 53647.56 | D8: 23676 | E8: 27012 | F8: 27012 | G8: =D8/C8 -> 0.44132482 | H8: =E8/(C8/30) -> 15.105254 | K8: RPSPL-GUJ | L8: 14323.92 | M8: 7464 | N8: 15348 | O8: 15348 | P8: =M8/L8 -> 0.52108641 | Q8: =N8/(L8/30) -> 32.144832 | T8: RPSPL-GT | U8: 321.6 | V8: 0 | W8: 168 | X8: 168 | Y8: =V8/U8 -> 0 | Z8: =W8/(U8/30) -> 15.671642 | AC8: RPSPL-GUJ | AD8: 3062.99 | AE8: 1023 | AF8: 8925 | AG8: 8925 | AH8: =AE8/AD8 -> 0.33398738 | AI8: =AF8/(AD8/30) -> 87.414585 | AL8: RPSPL-GUJ | AM8: 313034.52 | AN8: 145656 | AO8: 240288 | AP8: 265248 | AQ8: =AN8/AM8 -> 0.46530332 | AR8: =AO8/(AM8/30) -> 23.028259 | AU8: RPSPL-GUJ | AV8: 448.32 | AW8: 0 | AX8: 0 | AY8: 0 | AZ8: =AW8/AV8 -> 0 | BA8: =AX8/(AV8/30) -> 0
B9: RPSPL-HP Factory | C9: 0 | D9: 0 | E9: 216 | F9: 216 | G9: =D9/C9 -> #DIV/0! | H9: =E9/(C9/30) -> #DIV/0! | K9: RPSPL-HY | L9: 16050.24 | M9: 10692 | N9: 8748 | O9: 11148 | P9: =M9/L9 -> 0.66615826 | Q9: =N9/(L9/30) -> 16.351157 | T9: RPSPL-GUJ | U9: 34.56 | V9: 0 | W9: 228 | X9: 228 | Y9: =V9/U9 -> 0 | Z9: =W9/(U9/30) -> 197.91667 | AC9: RPSPL-HY | AD9: 9747.68 | AE9: 6977 | AF9: 7604 | AG9: 10121 | AH9: =AE9/AD9 -> 0.71576006 | AI9: =AF9/(AD9/30) -> 23.402492 | AL9: RPSPL-HP Factory | AM9: 31623.12 | AN9: 0 | AO9: 42136 | AP9: 42136 | AQ9: =AN9/AM9 -> 0 | AR9: =AO9/(AM9/30) -> 39.973285 | AU9: RPSPL-HY | AV9: 5362.56 | AW9: 2532 | AX9: 5460 | AY9: 5460 | AZ9: =AW9/AV9 -> 0.47216255 | BA9: =AX9/(AV9/30) -> 30.545113
B10: RPSPL-HY | C10: 52002.72 | D10: 23796 | E10: 30168 | F10: 30168 | G10: =D10/C10 -> 0.45759145 | H10: =E10/(C10/30) -> 17.403705 | K10: RPSPL-KER | L10: 3900 | M10: 2424 | N10: 4068 | O10: 5268 | P10: =M10/L10 -> 0.62153846 | Q10: =N10/(L10/30) -> 31.292308 | T10: RPSPL-HY | U10: 166.2 | V10: 12 | W10: 84 | X10: 84 | Y10: =V10/U10 -> 0.072202166 | Z10: =W10/(U10/30) -> 15.162455 | AC10: RPSPL-KER | AD10: 4579.4 | AE10: 2842 | AF10: 3230 | AG10: 4148 | AH10: =AE10/AD10 -> 0.62060532 | AI10: =AF10/(AD10/30) -> 21.159977 | AL10: RPSPL-HY | AM10: 397433.28 | AN10: 247740 | AO10: 156888 | AP10: 231012 | AQ10: =AN10/AM10 -> 0.62334991 | AR10: =AO10/(AM10/30) -> 11.842592 | AU10: RPSPL-KER | AV10: 8199.96 | AW10: 2916 | AX10: 600 | AY10: 984 | AZ10: =AW10/AV10 -> 0.35561149 | BA10: =AX10/(AV10/30) -> 2.1951327
B11: RPSPL-KER | C11: 12480.6 | D11: 5352 | E11: 3300 | F11: 3600 | G11: =D11/C11 -> 0.42882554 | H11: =E11/(C11/30) -> 7.9323109 | K11: RPSPL-KOL | L11: 10938.84 | M11: 4188 | N11: 11400 | O11: 11400 | P11: =M11/L11 -> 0.38285595 | Q11: =N11/(L11/30) -> 31.264741 | T11: RPSPL-KER | U11: 321.6 | V11: 72 | W11: 276 | X11: 276 | Y11: =V11/U11 -> 0.2238806 | Z11: =W11/(U11/30) -> 25.746269 | AC11: RPSPL-KOL | AD11: 8070.79 | AE11: 2818 | AF11: 4893 | AG11: 8007 | AH11: =AE11/AD11 -> 0.34916037 | AI11: =AF11/(AD11/30) -> 18.187811 | AL11: RPSPL-KER | AM11: 474013.76 | AN11: 316852 | AO11: 257112 | AP11: 370056 | AQ11: =AN11/AM11 -> 0.66844473 | AR11: =AO11/(AM11/30) -> 16.272439 | AU11: RPSPL-KOL | AV11: 1876.56 | AW11: 660 | AX11: 1284 | AY11: 1284 | AZ11: =AW11/AV11 -> 0.35170738 | BA11: =AX11/(AV11/30) -> 20.526922
B12: RPSPL-KOL | C12: 21877.92 | D12: 9276 | E12: 15600 | F12: 15600 | G12: =D12/C12 -> 0.42398912 | H12: =E12/(C12/30) -> 21.39143 | K12: RPSPL-MP | L12: 5950.44 | M12: 4416 | N12: 56376 | O12: 56376 | P12: =M12/L12 -> 0.74212999 | Q12: =N12/(L12/30) -> 284.22772 | T12: RPSPL-KOL | U12: 591.72 | V12: 48 | W12: 336 | X12: 336 | Y12: =V12/U12 -> 0.081119448 | Z12: =W12/(U12/30) -> 17.035084 | AC12: RPSPL-MP | AD12: 1428.84 | AE12: 702 | AF12: 39803 | AG12: 39803 | AH12: =AE12/AD12 -> 0.49130763 | AI12: =AF12/(AD12/30) -> 835.70589 | AL12: RPSPL-KOL | AM12: 325444.56 | AN12: 180900 | AO12: 166932 | AP12: 214056 | AQ12: =AN12/AM12 -> 0.55585504 | AR12: =AO12/(AM12/30) -> 15.388059 | AU12: RPSPL-MP | AV12: 1286.64 | AW12: 84 | AX12: 0 | AY12: 0 | AZ12: =AW12/AV12 -> 0.065286327 | BA12: =AX12/(AV12/30) -> 0
B13: RPSPL-MP | C13: 12722.16 | D13: 7968 | E13: 23424 | F13: 23424 | G13: =D13/C13 -> 0.62630874 | H13: =E13/(C13/30) -> 55.235903 | K13: RPSPL-NG | L13: 7713.12 | M13: 4344 | N13: 8628 | O13: 11028 | P13: =M13/L13 -> 0.56319622 | Q13: =N13/(L13/30) -> 33.558404 | T13: RPSPL-MP | U13: 206.76 | V13: 12 | W13: 180 | X13: 180 | Y13: =V13/U13 -> 0.058038305 | Z13: =W13/(U13/30) -> 26.117237 | AC13: RPSPL-NG | AD13: 4435.77 | AE13: 2762 | AF13: 4155 | AG13: 4155 | AH13: =AE13/AD13 -> 0.62266529 | AI13: =AF13/(AD13/30) -> 28.101096 | AL13: RPSPL-MP | AM13: 116829 | AN13: 80640 | AO13: 285300 | AP13: 285744 | AQ13: =AN13/AM13 -> 0.69023958 | AR13: =AO13/(AM13/30) -> 73.26092 | AU13: RPSPL-NG | AV13: 1608.36 | AW13: 1104 | AX13: 912 | AY13: 912 | AZ13: =AW13/AV13 -> 0.68641349 | BA13: =AX13/(AV13/30) -> 17.011117
B14: RPSPL-NG | C14: 13795.56 | D14: 6096 | E14: 10188 | F14: 11688 | G14: =D14/C14 -> 0.4418813 | H14: =E14/(C14/30) -> 22.154954 | K14: RPSPL-PA | L14: 17696.04 | M14: 5520 | N14: 18552 | O14: 18552 | P14: =M14/L14 -> 0.3119342 | Q14: =N14/(L14/30) -> 31.451104 | T14: RPSPL-NG | U14: 0 | V14: 36 | W14: 384 | X14: 384 | Y14: =V14/U14 -> #DIV/0! | Z14: =W14/(U14/30) -> #DIV/0! | AC14: RPSPL-PA | AD14: 4397.82 | AE14: 1800 | AF14: 5629 | AG14: 5629 | AH14: =AE14/AD14 -> 0.4092937 | AI14: =AF14/(AD14/30) -> 38.39857 | AL14: RPSPL-NG | AM14: 202313.16 | AN14: 113856 | AO14: 177900 | AP14: 200460 | AQ14: =AN14/AM14 -> 0.5627711 | AR14: =AO14/(AM14/30) -> 26.379895 | AU14: RPSPL-PA | AV14: 463.08 | AW14: 276 | AX14: 1188 | AY14: 1188 | AZ14: =AW14/AV14 -> 0.59600933 | BA14: =AX14/(AV14/30) -> 76.962944
B15: RPSPL-PA | C15: 9007.68 | D15: 6984 | E15: 12696 | F15: 12696 | G15: =D15/C15 -> 0.77533838 | H15: =E15/(C15/30) -> 42.283918 | K15: RPSPL-PBN | L15: 28982.52 | M15: 20208 | N15: 23100 | O15: 24996 | P15: =M15/L15 -> 0.69724786 | Q15: =N15/(L15/30) -> 23.910964 | T15: RPSPL-PA | U15: 578.88 | V15: 108 | W15: 84 | X15: 84 | Y15: =V15/U15 -> 0.18656716 | Z15: =W15/(U15/30) -> 4.3532338 | AC15: RPSPL-PBN | AD15: 5961 | AE15: 3890 | AF15: 7512 | AG15: 7512 | AH15: =AE15/AD15 -> 0.65257507 | AI15: =AF15/(AD15/30) -> 37.805737 | AL15: RPSPL-PA | AM15: 233005.44 | AN15: 118776 | AO15: 122736 | AP15: 146736 | AQ15: =AN15/AM15 -> 0.50975634 | AR15: =AO15/(AM15/30) -> 15.80255 | AU15: RPSPL-PBN | AV15: 2035.92 | AW15: 456 | AX15: 156 | AY15: 156 | AZ15: =AW15/AV15 -> 0.22397737 | BA15: =AX15/(AV15/30) -> 2.2987151
B16: RPSPL-PBN | C16: 30599.88 | D16: 12360 | E16: 9948 | F16: 9948 | G16: =D16/C16 -> 0.40392315 | H16: =E16/(C16/30) -> 9.7529794 | K16: RPSPL-PC | L16: 30298.8 | M16: 16176 | N16: 23952 | O16: 28776 | P16: =M16/L16 -> 0.53388253 | Q16: =N16/(L16/30) -> 23.715791 | T16: RPSPL-PBN | U16: 72 | V16: 96 | W16: 168 | X16: 168 | Y16: =V16/U16 -> 1.3333333 | Z16: =W16/(U16/30) -> 70 | AC16: RPSPL-PC | AD16: 14170.13 | AE16: 9647 | AF16: 3237 | AG16: 3237 | AH16: =AE16/AD16 -> 0.68079827 | AI16: =AF16/(AD16/30) -> 6.8531481 | AL16: RPSPL-PBN | AM16: 442332 | AN16: 286344 | AO16: 617592 | AP16: 650772 | AQ16: =AN16/AM16 -> 0.64735086 | AR16: =AO16/(AM16/30) -> 41.886547 | AU16: RPSPL-PC | AV16: 6194.88 | AW16: 3924 | AX16: 8652 | AY16: 8652 | AZ16: =AW16/AV16 -> 0.63342631 | BA16: =AX16/(AV16/30) -> 41.899117
... B20: RPSPL-Sonipat | C20: 31271.76 | D20: 24420 | E20: 9912 | F20: 20988 | G20: =D20/C20 -> 0.78089625 | H20: =E20/(C20/30) -> 9.5088988 | K20: Grand Total | L20: 252703.92 | M20: 141564 | N20: 282492 | O20: 297612 | P20: =M20/L20 -> 0.56019709 | Q20: =N20/(L20/30) -> 33.536322 | T20: RPSPL-Sonipat | U20: 312 | V20: 1716 | W20: 576 | X20: 576 | Y20: =V20/U20 -> 5.5 | Z20: =W20/(U20/30) -> 55.384615 | AC20: Grand Total | AD20: 86200.95 | AE20: 50840 | AF20: 113671 | AG20: 121825 | AH20: =AE20/AD20 -> 0.58978468 | AI20: =AF20/(AD20/30) -> 39.560237 | AL20: RPSPL-KH | AM20: 0 | AN20: 0 | AO20: 0 | AP20: 0 | AQ20: =AN20/AM20 -> #DIV/0! | AR20: =AO20/(AM20/30) -> #DIV/0! | AU20: Grand Total | AV20: 43052.04 | AW20: 20928 | AX20: 27480 | AY20: 28294 | AZ20: =AW20/AV20 -> 0.48610937 | BA20: =AX20/(AV20/30) -> 19.148918
B21: Grand Total | C21: 436307.4 | D21: 219036 | E21: 234396 | F21: 258348 | P21: =M21/L21 -> #DIV/0! | Q21: =N21/(L21/30) -> #DIV/0! | T21: Grand Total | U21: 4669.2 | V21: 2736 | W21: 5988 | X21: 5988 | AL21: RPSPL-Sonipat | AM21: 497075.04 | AN21: 313116 | AO21: 244140 | AP21: 268140 | AQ21: =AN21/AM21 -> 0.62991696 | AR21: =AO21/(AM21/30) -> 14.734596
AL22: Grand Total | AM22: 5417188.4 | AN22: 3107580 | AO22: 3764366 | AP22: 4484438 | AQ22: =AN22/AM22 -> 0.57365182 | AR22: =AO22/(AM22/30) -> 20.846788

Sheet Master
A1: Plant | B1: Plant Name | C1: Material Code | D1: Group | E1: Material Description | F1: Cat | G1: Source | H1: Source as per VP | K1: Plant | L1: Hub's | M1: Plant Name | N1: 1000 | O1: RPSPL-PuneFactory | W1: T&I Comm -HP
A2: 4106 | B2: RPSPL-KH | C2: 01296 | D2: 410601296 | E2: Rich’s Cremagic - 2 Kg | F2: T&I | G2: T&I EX HP 2 KG | H2: T&I EX HP 2 KG | K2: 1000 | L2: Pune | M2: RPSPL-PuneFactory | N2: 2000 | O2: RPSPL-HPFactory | W2: T&I EX HP
A3: 2000 | B3: RPSPL-HP Factory | C3: 01296 | D3: 200001296 | E3: Rich’s Cremagic - 2 Kg | F3: T&I | G3: T&I EX HP 2 KG | H3: T&I EX HP 2 KG | K3: 1110 | L3: RMPM/Kuruli | M3: #N/A | N3: 3500 | O3: RPSPL-BNT-BangaloreTAC | W3: T&I Comm-PF
A4: 2000 | B4: RPSPL-HP Factory | C4: 02122 | D4: 200002122 | E4: Rich's Dairy Free Whip Topping - 2 Kg | F4: T&I | G4: T&I EX HP 2 KG | H4: T&I EX HP 2 KG | K4: 1200 | L4: R&D | M4: #N/A | N4: 4100 | O4: RPSPL-GUJ | W4: T&I common -HP 2 KG
A5: 2000 | B5: RPSPL-HP Factory | C5: 07310 | D5: 200007310 | E5: Rich's Cooking Rich Hot Kitchen Appl. | F5: T&I | G5: T&I Comm -HP | H5: Common T&I | K5: 2000 | L5: HP | M5: RPSPL-HP Factory | N5: 4101 | O5: RPSPL-PC | W5: OS - Dry
A6: 2000 | B6: RPSPL-HP Factory | C6: 08529 | D6: 200008529 | E6: Rich's Truffle Base | F6: T&I | G6: T&I EX HP 2 KG | H6: T&I EX HP 2 KG | K6: 3500 | L6: BNT-Bangalore TAC | M6: #N/A | N6: 4102 | O6: RPSPL-MP | W6: OS-Chill
A7: 2000 | B7: RPSPL-HP Factory | C7: 13179 | D7: 200013179 | E7: Rich’s Whip Topping Gold (India) | F7: T&I | G7: T&I EX HP 2 KG | H7: T&I EX HP 2 KG | K7: 4100 | L7: AH | M7: #N/A | N7: 4104 | O7: RPSPL-RJ | W7: PF-Dry
A8: 2000 | B8: RPSPL-HP Factory | C8: 22754 | D8: 200022754 | E8: RWT - Cheese Flavoured (1 kg) | F8: T&I | G8: T&I EX HP | H8: T&I EX HP | K8: 4101 | L8: PC | M8: RPSPL-PC | N8: 4105 | O8: RPSPL-NG | W8: T&I EX PF
A9: 2000 | B9: RPSPL-HP Factory | C9: 23691 | D9: 200023691 | E9: RICH'S WT Gold 1 Kg (Middle East) | F9: T&I | G9: T&I EX HP | H9: T&I EX HP | K9: 4102 | L9: MP | M9: #N/A | N9: 4200 | O9: RPSPL-KOL | W9: T&I common -PF 2 KG
A10: 4100 | B10: RPSPL-GUJ | C10: 06151 | D10: 410006151 | E10: Rich's Double Dream | F10: DD | G10: OS - Dry | H10: Comman | K10: 4104 | L10: JP | M10: #N/A | N10: 4201 | O10: RPSPL-GT | W10: Ganache- PF
A11: 4100 | B11: RPSPL-GUJ | C11: 19690 | D11: 410019690 | E11: Rich's Nufill Blueberry FruitFilling 1Kg | F11: NFL | G11: OS - Dry | H11: Comman | K11: 4105 | L11: NG | M11: #N/A | N11: 4203 | O11: RPSPL-PA
A12: 4100 | B12: RPSPL-GUJ | C12: 20160 | D12: 410020160 | E12: RICH'S NUFILL DARK CHERRY FRUIT FILLING | F12: NFL | G12: OS - Dry | H12: Comman | K12: 4200 | L12: KL | M12: #N/A | N12: 4300 | O12: RPSPL-DEL
A13: 4100 | B13: RPSPL-GUJ | C13: 20661 | D13: 410020661 | E13: Rich’s Wilber Farms Dairy Cream 1ltr | F13: UHT-Chill | G13: OS-Chill | H13: Comman | K13: 4201 | L13: GT | M13: #N/A | N13: 4301 | O13: RPSPL-PBN
A14: 4100 | B14: RPSPL-GUJ | C14: 23638 | D14: 410023638 | E14: Rich's Versatie Gold- Cooking Base 1 ltr | F14: DD | G14: OS - Dry | H14: Comman | K14: 4203 | L14: PA | M14: #N/A | N14: 4302 | O14: RPSPL-KNP
A15: 4100 | B15: RPSPL-GUJ | C15: 04145 | D15: 410004145 | E15: Rich's Nugel Caramel (1 Kg) | F15: NGL | G15: UF-Dry | H15: DRY NGL+DD | K15: 4300 | L15: DL | M15: #N/A | N15: 4400 | O15: RPSPL-CH
A16: 4100 | B16: RPSPL-GUJ | C16: 13490 | D16: 410013490 | E16: Rich's Nugel Neutral Glaze 2.5 Kg IN | F16: NGL | G16: UF-Dry | H16: DRY NGL+DD | K16: 4301 | L16: PBN | M16: RPSPL-PBN | N16: 4401 | O16: RPSPL-BNG
A17: 4100 | B17: RPSPL-GUJ | C17: 14248 | D17: 410014248 | E17: Rich's Nugel Cocoa Glaze 2.5 Kg (India) | F17: NGL | G17: UF-Dry | H17: DRY NGL+DD | K17: 4302 | L17: KN | M17: #N/A | N17: 4403 | O17: RPSPL-HY
A18: 4100 | B18: RPSPL-GUJ | C18: 15300 | D18: 410015300 | E18: Rich's Nugel Pineapple Glaze 1.0 Kg IN | F18: NGL | G18: UF-Dry | H18: DRY NGL+DD | K18: 4400 | L18: CH | M18: #N/A | N18: 4404 | O18: RPSPL-KER
A19: 4100 | B19: RPSPL-GUJ | C19: 15305 | D19: 410015305 | E19: Rich's Nugel Strawberry Glaze 1.0 Kg IN | F19: NGL | G19: UF-Dry | H19: DRY NGL+DD | K19: 4401 | L19: BN | M19: #N/A
A20: 4100 | B20: RPSPL-GUJ | C20: 15312 | D20: 410015312 | E20: Rich's Nugel Blueberry Glaze 1.0 Kg IN | F20: NGL | G20: UF-Dry | H20: DRY NGL+DD | K20: 4403 | L20: HY | M20: RPSPL-HY
A21: 4100 | B21: RPSPL-GUJ | C21: 16407 | D21: 410016407 | E21: Rich's Nugel White 1 Kg (India) | F21: NGL | G21: UF-Dry | H21: DRY NGL+DD | K21: 4404 | L21: KO | M21: #N/A
A22: 4100 | B22: RPSPL-GUJ | C22: 00189 | D22: 410000189 | E22: Rich's New Star Whip 1 Kg | F22: T&I | G22: T&I Comm-UF | H22: Common T&I | K22: 5000 | L22: Ujjain | M22: #N/A
A23: 4100 | B23: RPSPL-GUJ | C23: 01167 | D23: 410001167 | E23: Rich's Sweetmate (India) 1 Kg | F23: T&I | G23: T&I EX UF | H23: T&I EX UF | K23: 4106 | L23: KHA | M23: RPSPL-KH
A24: 4100 | B24: RPSPL-GUJ | C24: 01296 | D24: 410001296 | E24: Rich’s Cremagic - 2 Kg | F24: T&I | G24: T&I EX HP 2 KG | H24: T&I EX HP 2 KG | K24: 2000 | L24: HP
A25: 4100 | B25: RPSPL-GUJ | C25: 02122 | D25: 410002122 | E25: Rich's Dairy Free Whip Topping - 2 Kg | F25: T&I | G25: T&I EX HP 2 KG | H25: T&I EX HP 2 KG
A26: 4100 | B26: RPSPL-GUJ | C26: 05159 | D26: 410005159 | E26: Rich's Whip Topping-Gold 500 G (India) | F26: T&I | G26: T&I EX HP | H26: T&I EX HP
A27: 4100 | B27: RPSPL-GUJ | C27: 06982 | D27: 410006982 | E27: Rich's Chocolate Whip Topping | F27: T&I | G27: T&I Comm-UF | H27: Common T&I
A28: 4100 | B28: RPSPL-GUJ | C28: 07310 | D28: 410007310 | E28: Rich's Cooking Rich Hot Kitchen Appl. | F28: T&I | G28: T&I Comm-UF | H28: Common T&I
A29: 4100 | B29: RPSPL-GUJ | C29: 08529 | D29: 410008529 | E29: Rich's Truffle Base | F29: T&I | G29: T&I EX HP 2 KG | H29: T&I EX HP 2 KG
A30: 4100 | B30: RPSPL-GUJ | C30: 13179 | D30: 410013179 | E30: Rich’s Whip Topping Gold (India) | F30: T&I | G30: T&I EX HP 2 KG | H30: T&I EX HP 2 KG
A31: 4100 | B31: RPSPL-GUJ | C31: 13678 | D31: 410013678 | E31: Rich’s New Niagara Farms | F31: T&I | G31: T&I EX HP | H31: T&I EX HP
A32: 4100 | B32: RPSPL-GUJ | C32: 14654 | D32: 410014654 | E32: Rich's Bettercreme | F32: T&I | G32: T&I Comm-UF | H32: Common T&I
A33: 4100 | B33: RPSPL-GUJ | C33: 14788 | D33: 410014788 | E33: Rich’s Whip Topping-Gold 1 Kg | F33: T&I | G33: T&I EX HP | H33: T&I EX HP
A34: 4100 | B34: RPSPL-GUJ | C34: 15536 | D34: 410015536 | E34: Rich's Premium Truffle -2 Kg | F34: Ganache | G34: Ganache- UF | H34: UF Exclusive
A35: 4100 | B35: RPSPL-GUJ | C35: 15906 | D35: 410015906 | E35: Rich’s Whip Topping (India) 1 Kg | F35: T&I | G35: T&I EX HP | H35: T&I EX HP
A36: 4100 | B36: RPSPL-GUJ | C36: 16336 | D36: 410016336 | E36: Sunwhip (India) 1 Kg | F36: T&I | G36: T&I Comm-UF | H36: Common T&I
... A75: 4101 | B75: RPSPL-PC | C75: 14788 | D75: 410114788 | E75: Rich’s Whip Topping-Gold 1 Kg | F75: T&I | G75: T&I EX HP | H75: T&I EX HP
A76: 4101 | B76: RPSPL-PC | C76: 15459 | D76: 410115459 | E76: Rich's Cooking Rich-Hot Kitchen (10 Kg) | F76: T&I | G76: T&I EX HP | H76: T&I EX HP
A77: 4101 | B77: RPSPL-PC | C77: 15536 | D77: 410115536 | E77: Rich's Premium Truffle -2 Kg | F77: Ganache | G77: Ganache- UF | H77: UF Exclusive
A78: 4101 | B78: RPSPL-PC | C78: 15906 | D78: 410115906 | E78: Rich’s Whip Topping (India) 1 Kg | F78: T&I | G78: T&I EX HP | H78: T&I EX HP
A79: 4101 | B79: RPSPL-PC | C79: 16336 | D79: 410116336 | E79: Sunwhip (India) 1 Kg | F79: T&I | G79: T&I Comm-UF | H79: Common T&I
A80: 4101 | B80: RPSPL-PC | C80: 16984 | D80: 410116984 | E80: Rich’s Niagara Farms Gold (1 Kg ) | F80: T&I | G80: T&I EX HP | H80: T&I EX HP
A81: 4101 | B81: RPSPL-PC | C81: 16998 | D81: 410116998 | E81: Rich's Excel Whip (1 Kg) | F81: T&I | G81: T&I EX UF | H81: T&I EX UF
A82: 4101 | B82: RPSPL-PC | C82: 18098 | D82: 410118098 | E82: ICEHOT BEVERAGES by RICH’S 1kg | F82: T&I | G82: T&I EX HP | H82: T&I EX HP
A83: 4101 | B83: RPSPL-PC | C83: 19602 | D83: 410119602 | E83: Rich’s Premium Truffle–RTU Ganache 500g | F83: Ganache | G83: Ganache- UF | H83: UF Exclusive
A84: 4101 | B84: RPSPL-PC | C84: 19750 | D84: 410119750 | E84: Rich's Sun Whip Ultra 1Kg | F84: T&I | G84: T&I EX UF | H84: T&I EX UF
A85: 4101 | B85: RPSPL-PC | C85: 19805 | D85: 410119805 | E85: Richs On Top 350 G | F85: T&I | G85: T&I EX UF | H85: T&I EX UF
A86: 4101 | B86: RPSPL-PC | C86: 20250 | D86: 410120250 | E86: Rich's Improved Whip Topping Silver-1.0 | F86: T&I | G86: T&I EX UF | H86: T&I EX UF
A87: 4101 | B87: RPSPL-PC | C87: 20308 | D87: 410120308 | E87: Rich's New Star Whip 2 kg | F87: T&I | G87: T&I EX HP 2 KG | H87: T&I EX HP 2 KG
A88: 4101 | B88: RPSPL-PC | C88: 20827 | D88: 410120827 | E88: Rich’s Premium Truffle-RTUGanache-GS 2kg | F88: Ganache | G88: Ganache- UF | H88: UF Exclusive
... A711: 4106 | B711: RPSPL-KH | C711: 23081 | D711: 410623081 | E711: Rich’s Icehot Creamery Dairy Beverage MI | F711: T&I | G711: T&I EX HP | H711: T&I EX HP
A712: 4106 | B712: RPSPL-KH | C712: 23401 | D712: 410623401 | E712: New Toppin Pride (1 kg) | F712: T&I | G712: T&I EX UF | H712: T&I EX UF | L712: 4108 | M712: RPSPL-MP
A713: 4106 | B713: RPSPL-KH | C713: 24223 | D713: 410624223 | E713: Rich's Star Whip Prime 1 kg | F713: T&I | G713: T&I EX UF | H713: T&I EX UF | I713: Trail | J713: 5000 & 5200 | K713: not to consider | L713: 4102 | M713: RPSPL-MP
A714: 4108 | B714: RPSPL-MP | C714: 00189 | D714: 410800189 | E714: Rich's Star Whip 1 Kg | F714: T&I | G714: T&I Comm-UF | H714: Common T&I
A715: 4108 | B715: RPSPL-MP | C715: 01296 | D715: 410801296 | E715: Rich’s Cremagic - 2 Kg | F715: T&I | G715: T&I EX HP 2 KG | H715: T&I EX HP 2 KG
A716: 4108 | B716: RPSPL-MP | C716: 08529 | D716: 410808529 | E716: Rich's Truffle Base | F716: T&I | G716: T&I EX HP 2 KG | H716: T&I EX HP 2 KG
A717: 4108 | B717: RPSPL-MP | C717: 13179 | D717: 410813179 | E717: Rich’s Whip Topping Gold (India) | F717: T&I | G717: T&I EX HP 2 KG | H717: T&I EX HP 2 KG
A718: 4108 | B718: RPSPL-MP | C718: 14654 | D718: 410814654 | E718: Rich's Bettercreme | F718: T&I | G718: T&I Comm-UF | H718: Common T&I
A719: 4108 | B719: RPSPL-MP | C719: 14788 | D719: 410814788 | E719: Rich’s Whip Topping-Gold 1 Kg | F719: T&I | G719: T&I EX HP | H719: T&I EX HP
A720: 5100 | B720: RPSPLPL - PUNE HO | C720: 00189 | D720: 510000189 | E720: Rich's Star Whip 1 Kg | F720: T&I | G720: T&I Comm-UF | H720: Common T&I
A721: 5100 | B721: RPSPLPL - PUNE HO | C721: 07310 | D721: 510007310 | E721: Rich's Cooking Rich Hot Kitchen Appl. | F721: T&I | G721: T&I Comm-UF | H721: Common T&I
A722: 5100 | B722: RPSPLPL - PUNE HO | C722: 14788 | D722: 510014788 | E722: Rich’s Whip Topping-Gold 1 Kg | F722: T&I | G722: T&I EX HP | H722: T&I EX HP
A723: 5100 | B723: RPSPLPL - PUNE HO | C723: 16336 | D723: 510016336 | E723: Sunwhip (India) 1 Kg | F723: T&I | G723: T&I Comm-UF | H723: Common T&I
A724: 5100 | B724: RPSPLPL - PUNE HO | C724: 24223 | D724: 510024223 | E724: Rich's Star Whip Prime 1 kg | F724: T&I | G724: T&I EX UF | H724: T&I EX UF
A725: 5100 | B725: RPSPLPL - PUNE HO | C725: 24768 | D725: 510024768 | E725: RWT Silver 2024 (1kg) | F725: T&I | G725: T&I EX UF | H725: T&I EX UF
... A820: 4304 | B820: RPSPL-Sonipat | C820: 23401 | D820: 430423401 | E820: New Toppin Pride (1 kg) | F820: T&I | G820: T&I EX UF | H820: T&I EX UF
A821: 2000 | B821: RPSPL-HP Factory | C821: 15459 | D821: 200015459 | E821: Rich's Cooking Rich-Hot Kitchen (10 Kg) | F821: T&I | G821: T&I EX HP | H821: T&I EX HP
A822: 4301 | B822: RPSPL-PBN | C822: 15459 | D822: 430115459 | E822: Rich's Cooking Rich-Hot Kitchen (10 Kg) | F822: T&I | G822: T&I EX HP | H822: T&I EX HP
A823: 2000 | B823: RPSPL-HP Factory | C823: 15536 | D823: 200015536 | E823: Rich's Premium Truffle -2 Kg | F823: Ganache | G823: Ganache- UF | H823: HP Exclusive
A824: 2000 | B824: RPSPL-HP Factory | C824: 24223 | D824: 200024223 | E824: Rich's Star Whip Prime 1 kg | F824: T&I | G824: T&I EX UF | H824: T&I EX UF
A825: 4101 | B825: RPSPL-PC | C825: 23890 | D825: 410123890 | E825: Whip Topping Base (India) | F825: T&I | G825: T&I EX HP | H825: T&I EX HP
A826: 2000 | B826: RPSPL-HP Factory | C826: 25616 | D826: 200025616 | E826: RWT Gold - 10 kg | F826: T&I | G826: T&I EX HP | H826: T&I EX HP
A827: 4400 | B827: RPSPL-CH | C827: 25616 | D827: 440025616 | E827: RWT Gold - 10 kg | F827: T&I | G827: T&I EX HP | H827: T&I EX HP
A828: 2000 | B828: RPSPL-HP Factory | C828: 19750 | D828: 200019750 | E828: Rich's Sun Whip Ultra 1Kg | F828: T&I | G828: T&I EX UF
A829: 2000 | B829: RPSPL-HP Factory | C829: 25570 | D829: 200025570 | E829: Rich'S Sun Whip Ultra (1 Kg) 2025 | F829: T&I | G829: T&I EX HP | H829: T&I EX HP
A830: 4101 | B830: RPSPL-PC | C830: 25598 | D830: 410125598 | E830: Rich's Cheese Flv WT 1 kg (2025) | F830: T&I | G830: T&I EX HP | H830: T&I EX HP
A831: 4301 | B831: RPSPL-PBN | C831: 25570 | D831: 430125570 | E831: Rich'S Sun Whip Ultra (1 Kg) 2025 | F831: T&I | G831: T&I EX HP | H831: T&I EX HP
A832: 4301 | B832: RPSPL-PBN | C832: 25598 | D832: 430125598 | E832: Rich's Cheese Flv WT 1 kg (2025) | F832: T&I | G832: T&I EX HP | H832: T&I EX HP
A833: 4101 | B833: RPSPL-PC | C833: 25570 | D833: 410125570 | E833: Rich'S Sun Whip Ultra (1 Kg) 2025 | F833: T&I | G833: T&I EX HP | H833: T&I EX HP
A834: 4101 | B834: RPSPL-PC | C834: 25429 | D834: 410125429 | E834: Wilber Farm Low Fat (23 perc.)DairyCream | F834: cream | G834: OS-Chill
A835: 4104 | B835: RPSPL-RJ | C835: 25598 | D835: 410425598 | E835: Rich's Cheese Flv WT 1 kg (2025) | F835: T&I | G835: T&I EX HP | H835: T&I EX HP
A836: 4302 | B836: RPSPL-KNP | C836: 25598 | D836: 430225598 | E836: Rich's Cheese Flv WT 1 kg (2025) | F836: T&I | G836: T&I EX HP | H836: T&I EX HP
A837: 4304 | B837: RPSPL-Sonipat | C837: 25598 | D837: 430425598 | E837: Rich's Cheese Flv WT 1 kg (2025) | F837: T&I | G837: T&I EX HP | H837: T&I EX HP
A838: 4200 | B838: RPSPL-KOL | C838: 25598 | D838: 420025598 | E838: Rich's Cheese Flv WT 1 kg (2025) | F838: T&I | G838: T&I EX HP | H838: T&I EX HP
A839: 4200 | B839: RPSPL-KOL | C839: 25616 | D839: 420025616 | E839: RWT Gold - 10 kg | F839: T&I | G839: T&I EX HP | H839: T&I EX HP
A840: 4301 | B840: RPSPL-PBN | C840: 25616 | D840: 430125616 | E840: RWT Gold - 10 kg | F840: T&I | G840: T&I EX HP | H840: T&I EX HP
A841: 4401 | B841: RPSPL-BNG | C841: 25598 | D841: 440125598 | E841: Rich's Cheese Flv WT 1 kg (2025) | F841: T&I | G841: T&I EX HP | H841: T&I EX HP
A842: 4404 | B842: RPSPL-KER | C842: 25598 | D842: 440425598 | E842: Rich's Cheese Flv WT 1 kg (2025) | F842: T&I | G842: T&I EX HP | H842: T&I EX HP
A843: 4101 | B843: RPSPL-PC | C843: 20309 | D843: 410120309 | E843: Rich's Nufill Strawberry Fruit Filling 1 | F843: NFL | G843: OS - Dry | H843: Comman
A844: 4403 | B844: RPSPL-HY | C844: 25598 | D844: 440325598 | E844: Rich's Cheese Flv WT 1 kg (2025) | F844: T&I | G844: T&I EX HP | H844: T&I EX HP
A845: 4203 | B845: RPSPL-PA | C845: 24768 | D845: 420324768 | E845: RWT Silver India 1kg | F845: T&I | G845: T&I EX HP | H845: T&I EX HP
A846: 4401 | B846: RPSPL-BNG | C846: 24768 | D846: 440124768 | E846: RWT Silver India 1kg | F846: T&I | G846: T&I EX HP | H846: T&I EX HP
A847: 4203 | B847: RPSPL-PA | C847: 25598 | D847: 420325598 | E847: Rich's Cheese Flv WT 1 kg (2025) | F847: T&I | G847: T&I EX HP | H847: T&I EX HP
A848: 4401 | B848: RPSPL-BNG | C848: 25570 | D848: 440125570 | E848: Rich'S Sun Whip Ultra (1 Kg) 2025 | F848: T&I | G848: T&I EX HP | H848: T&I EX HP
A849: 4201 | B849: RPSPL-GT | C849: 25570 | D849: 420125570 | E849: Rich'S Sun Whip Ultra (1 Kg) 2025 | F849: T&I | G849: T&I EX HP | H849: T&I EX HP
A850: 4201 | B850: RPSPL-GT | C850: 25598 | D850: 420125598 | E850: Rich's Cheese Flv WT 1 kg (2025) | F850: T&I | G850: T&I EX HP | H850: T&I EX HP
A851: 4100 | B851: RPSPL-GUJ | C851: 25598 | D851: 410025598 | E851: Rich's Cheese Flv WT 1 kg (2025) | F851: T&I | G851: T&I EX HP | H851: T&I EX HP
A852: 4403 | B852: RPSPL-HY | C852: 25570 | D852: 440325570 | E852: Rich'S Sun Whip Ultra (1 Kg) 2025 | F852: T&I | G852: T&I EX HP | H852: T&I EX HP
A853: 4104 | B853: RPSPL-RJ | C853: 25570 | D853: 410425570 | E853: Rich'S Sun Whip Ultra (1 Kg) 2025 | F853: T&I | G853: T&I EX HP | H853: T&I EX HP
A854: 4401 | B854: RPSPL-BNG | C854: 25616 | D854: 440125616 | E854: RWT Gold - 10 kg | F854: T&I | G854: T&I EX HP | H854: T&I EX HP
...

Sheet BAse
J1: =SUM(J3:J1048576) -> 3542684
A2: Group | B2: Plant | C2: Plant Name | D2: Material Code | E2: Group | F2: Material Description | G2: Cat | H2: Source | I2: RF May- 26 | J2: Sales Qty | K2: % With Forecast | L2: Transit | M2: Ship Date | N2: Ready Stock | O2: Ready + transist | P2: RF Pendency | Q2: INV Days R+T | R2: INV Days (Ready Stock) | T2: =TODAY()-1 -> 46166 | U2: =TEXT($T$2,"dd") -> 24 | V2: =U2/30 -> 0.8 | W2: =V2-10% -> 0.7 | X2: =V2+10% -> 0.9
A3: =B3&D3 -> 430019690 | B3: 4300 | C3: =_xlfn.XLOOKUP(B:B,Master!A:A,Master!B:B) -> RPSPL-DEL | D3: 19690 | E3: =B3&D3 -> 430019690 | F3: Rich's Nufill Blueberry FruitFilling 1Kg | G3: =VLOOKUP(D3,Master!C:G,4,) -> NFL | H3: =VLOOKUP(D3,Master!C:G,5,) -> OS - Dry | I3: 0 | J3: 0 | K3: =IFERROR(J3/I3,0) -> 0 | L3: 0 | N3: 0 | O3: =N3+L3 -> 0 | P3: =I3-J3-O3 -> 0 | Q3: =IFERROR(IF(D3=20250,O3/(#REF!/30),O3/(I3/30)),0) -> 0 | R3: =IFERROR(N3/(I3/30),0) -> 0
A4: =B4&D4 -> 410600189 | B4: 4106 | C4: =_xlfn.XLOOKUP(B:B,Master!A:A,Master!B:B) -> RPSPL-KH | D4: 00189 | E4: =B4&D4 -> 410600189 | F4: Rich's Star Whip 1 Kg | G4: =VLOOKUP(D4,Master!C:G,4,) -> T&I | H4: =VLOOKUP(D4,Master!C:G,5,) -> T&I Comm-UF | I4: 0 | J4: 0 | K4: =IFERROR(J4/I4,0) -> 0 | L4: 0 | N4: 0 | O4: =N4+L4 -> 0 | P4: =I4-J4-O4 -> 0 | Q4: =IFERROR(IF(D4=20250,O4/(#REF!/30),O4/(I4/30)),0) -> 0 | R4: =IFERROR(N4/(I4/30),0) -> 0
A5: =B5&D5 -> 200000189 | B5: 2000 | C5: =_xlfn.XLOOKUP(B:B,Master!A:A,Master!B:B) -> RPSPL-HP Factory | D5: 00189 | E5: =B5&D5 -> 200000189 | F5: Rich's Star Whip 1 Kg | G5: =VLOOKUP(D5,Master!C:G,4,) -> T&I | H5: =VLOOKUP(D5,Master!C:G,5,) -> T&I Comm-UF | I5: 6478.08 | J5: 0 | K5: =IFERROR(J5/I5,0) -> 0 | L5: 0 | N5: 1212 | O5: 1212 | P5: =I5-J5-O5 -> 5266.08 | Q5: =IFERROR(IF(D5=20250,O5/(#REF!/30),O5/(I5/30)),0) -> 5.6127742 | R5: =IFERROR(N5/(I5/30),0) -> 5.6127742
A6: =B6&D6 -> 200001296 | B6: 2000 | C6: =_xlfn.XLOOKUP(B:B,Master!A:A,Master!B:B) -> RPSPL-HP Factory | D6: 01296 | E6: =B6&D6 -> 200001296 | F6: Rich’s Cremagic - 2 Kg | G6: =VLOOKUP(D6,Master!C:G,4,) -> T&I | H6: =VLOOKUP(D6,Master!C:G,5,) -> T&I EX HP 2 KG | I6: 550.2 | J6: 0 | K6: =IFERROR(J6/I6,0) -> 0 | L6: 0 | N6: 0 | O6: 0 | P6: =I6-J6-O6 -> 550.2 | Q6: =IFERROR(IF(D6=20250,O6/(#REF!/30),O6/(I6/30)),0) -> 0 | R6: =IFERROR(N6/(I6/30),0) -> 0
A7: =B7&D7 -> 200002122 | B7: 2000 | C7: =_xlfn.XLOOKUP(B:B,Master!A:A,Master!B:B) -> RPSPL-HP Factory | D7: 02122 | E7: =B7&D7 -> 200002122 | F7: Rich's Dairy Free Whip Topping - 2 Kg | G7: =VLOOKUP(D7,Master!C:G,4,) -> T&I | H7: =VLOOKUP(D7,Master!C:G,5,) -> T&I EX HP 2 KG | I7: 1122.36 | J7: 0 | K7: =IFERROR(J7/I7,0) -> 0 | L7: 0 | N7: 1068 | O7: 1068 | P7: =I7-J7-O7 -> 54.36 | Q7: =IFERROR(IF(D7=20250,O7/(#REF!/30),O7/(I7/30)),0) -> 28.54699 | R7: =IFERROR(N7/(I7/30),0) -> 28.54699
A8: =B8&D8 -> 200005159 | B8: 2000 | C8: =_xlfn.XLOOKUP(B:B,Master!A:A,Master!B:B) -> RPSPL-HP Factory | D8: 05159 | E8: =B8&D8 -> 200005159 | F8: Rich's Whip Topping-Gold 500 G (India) | G8: =VLOOKUP(D8,Master!C:G,4,) -> T&I | H8: =VLOOKUP(D8,Master!C:G,5,) -> T&I EX HP | I8: 0 | J8: 0 | K8: =IFERROR(J8/I8,0) -> 0 | L8: 0 | N8: 3624 | O8: 3624 | P8: =I8-J8-O8 -> -3624 | Q8: =IFERROR(IF(D8=20250,O8/(#REF!/30),O8/(I8/30)),0) -> 0 | R8: =IFERROR(N8/(I8/30),0) -> 0
A9: =B9&D9 -> 200007310 | B9: 2000 | C9: =_xlfn.XLOOKUP(B:B,Master!A:A,Master!B:B) -> RPSPL-HP Factory | D9: 07310 | E9: =B9&D9 -> 200007310 | F9: Rich's Cooking Rich Hot Kitchen Appl. | G9: =VLOOKUP(D9,Master!C:G,4,) -> T&I | H9: =VLOOKUP(D9,Master!C:G,5,) -> T&I Comm -HP | I9: 6678.96 | J9: 0 | K9: =IFERROR(J9/I9,0) -> 0 | L9: 0 | N9: 1152 | O9: 1152 | P9: =I9-J9-O9 -> 5526.96 | Q9: =IFERROR(IF(D9=20250,O9/(#REF!/30),O9/(I9/30)),0) -> 5.1744583 | R9: =IFERROR(N9/(I9/30),0) -> 5.1744583
A10: =B10&D10 -> 200008529 | B10: 2000 | C10: =_xlfn.XLOOKUP(B:B,Master!A:A,Master!B:B) -> RPSPL-HP Factory | D10: 08529 | E10: =B10&D10 -> 200008529 | F10: Rich's Truffle Base | G10: =VLOOKUP(D10,Master!C:G,4,) -> T&I | H10: =VLOOKUP(D10,Master!C:G,5,) -> T&I EX HP 2 KG | I10: 0 | J10: 0 | K10: =IFERROR(J10/I10,0) -> 0 | L10: 0 | N10: 2172 | O10: 2172 | P10: =I10-J10-O10 -> -2172 | Q10: =IFERROR(IF(D10=20250,O10/(#REF!/30),O10/(I10/30)),0) -> 0 | R10: =IFERROR(N10/(I10/30),0) -> 0
A11: =B11&D11 -> 200013179 | B11: 2000 | C11: =_xlfn.XLOOKUP(B:B,Master!A:A,Master!B:B) -> RPSPL-HP Factory | D11: 13179 | E11: =B11&D11 -> 200013179 | F11: Rich’s Whip Topping Gold (India) | G11: =VLOOKUP(D11,Master!C:G,4,) -> T&I | H11: =VLOOKUP(D11,Master!C:G,5,) -> T&I EX HP 2 KG | I11: 15129.72 | J11: 0 | K11: =IFERROR(J11/I11,0) -> 0 | L11: 0 | N11: 31644 | O11: 31644 | P11: =I11-J11-O11 -> -16514.28 | Q11: =IFERROR(IF(D11=20250,O11/(#REF!/30),O11/(I11/30)),0) -> 62.745378 | R11: =IFERROR(N11/(I11/30),0) -> 62.745378
A12: =B12&D12 -> 200013678 | B12: 2000 | C12: =_xlfn.XLOOKUP(B:B,Master!A:A,Master!B:B) -> RPSPL-HP Factory | D12: 13678 | E12: =B12&D12 -> 200013678 | F12: Rich’s New Niagara Farms | G12: =VLOOKUP(D12,Master!C:G,4,) -> T&I | H12: =VLOOKUP(D12,Master!C:G,5,) -> T&I EX HP | I12: 0 | J12: 0 | K12: =IFERROR(J12/I12,0) -> 0 | L12: 0 | N12: 48 | O12: 48 | P12: =I12-J12-O12 -> -48 | Q12: =IFERROR(IF(D12=20250,O12/(#REF!/30),O12/(I12/30)),0) -> 0 | R12: =IFERROR(N12/(I12/30),0) -> 0
A13: =B13&D13 -> 200014654 | B13: 2000 | C13: =_xlfn.XLOOKUP(B:B,Master!A:A,Master!B:B) -> RPSPL-HP Factory | D13: 14654 | E13: =B13&D13 -> 200014654 | F13: Rich's Bettercreme | G13: =VLOOKUP(D13,Master!C:G,4,) -> T&I | H13: =VLOOKUP(D13,Master!C:G,5,) -> T&I Comm-UF | I13: 0 | J13: 0 | K13: =IFERROR(J13/I13,0) -> 0 | L13: 0 | N13: 36 | O13: 36 | P13: =I13-J13-O13 -> -36 | Q13: =IFERROR(IF(D13=20250,O13/(#REF!/30),O13/(I13/30)),0) -> 0 | R13: =IFERROR(N13/(I13/30),0) -> 0
A14: =B14&D14 -> 200015459 | B14: 2000 | C14: =_xlfn.XLOOKUP(B:B,Master!A:A,Master!B:B) -> RPSPL-HP Factory | D14: 15459 | E14: =B14&D14 -> 200015459 | F14: Rich's Cooking Rich-Hot Kitchen (10 Kg) | G14: =VLOOKUP(D14,Master!C:G,4,) -> T&I | H14: =VLOOKUP(D14,Master!C:G,5,) -> T&I EX HP | I14: 0 | J14: 0 | K14: =IFERROR(J14/I14,0) -> 0 | L14: 0 | N14: 220 | O14: 220 | P14: =I14-J14-O14 -> -220 | Q14: =IFERROR(IF(D14=20250,O14/(#REF!/30),O14/(I14/30)),0) -> 0 | R14: =IFERROR(N14/(I14/30),0) -> 0
A15: =B15&D15 -> 200015906 | B15: 2000 | C15: =_xlfn.XLOOKUP(B:B,Master!A:A,Master!B:B) -> RPSPL-HP Factory | D15: 15906 | E15: =B15&D15 -> 200015906 | F15: Rich’s Whip Topping (India) 1 Kg | G15: =VLOOKUP(D15,Master!C:G,4,) -> T&I | H15: =VLOOKUP(D15,Master!C:G,5,) -> T&I EX HP | I15: 0 | J15: 0 | K15: =IFERROR(J15/I15,0) -> 0 | L15: 0 | N15: 36 | O15: 36 | P15: =I15-J15-O15 -> -36 | Q15: =IFERROR(IF(D15=20250,O15/(#REF!/30),O15/(I15/30)),0) -> 0 | R15: =IFERROR(N15/(I15/30),0) -> 0
A16: =B16&D16 -> 200016336 | B16: 2000 | C16: =_xlfn.XLOOKUP(B:B,Master!A:A,Master!B:B) -> RPSPL-HP Factory | D16: 16336 | E16: =B16&D16 -> 200016336 | F16: Sunwhip (India) 1 Kg | G16: =VLOOKUP(D16,Master!C:G,4,) -> T&I | H16: =VLOOKUP(D16,Master!C:G,5,) -> T&I Comm-UF | I16: 1663.8 | J16: 0 | K16: =IFERROR(J16/I16,0) -> 0 | L16: 0 | N16: 96 | O16: 96 | P16: =I16-J16-O16 -> 1567.8 | Q16: =IFERROR(IF(D16=20250,O16/(#REF!/30),O16/(I16/30)),0) -> 1.7309773 | R16: =IFERROR(N16/(I16/30),0) -> 1.7309773
... A40: =B40&D40 -> 410001296 | B40: 4100 | C40: =_xlfn.XLOOKUP(B:B,Master!A:A,Master!B:B) -> RPSPL-GUJ | D40: 01296 | E40: =B40&D40 -> 410001296 | F40: Rich’s Cremagic - 2 Kg | G40: =VLOOKUP(D40,Master!C:G,4,) -> T&I | H40: =VLOOKUP(D40,Master!C:G,5,) -> T&I EX HP 2 KG | I40: 4407.36 | J40: 2016 | K40: =IFERROR(J40/I40,0) -> 0.45741668 | L40: 0 | N40: 2784 | O40: 2784 | P40: =I40-J40-O40 -> -392.64 | Q40: =IFERROR(IF(D40=20250,O40/(#REF!/30),O40/(I40/30)),0) -> 18.95012 | R40: =IFERROR(N40/(I40/30),0) -> 18.95012
A41: =B41&D41 -> 410002122 | B41: 4100 | C41: =_xlfn.XLOOKUP(B:B,Master!A:A,Master!B:B) -> RPSPL-GUJ | D41: 02122 | E41: =B41&D41 -> 410002122 | F41: Rich's Dairy Free Whip Topping - 2 Kg | G41: =VLOOKUP(D41,Master!C:G,4,) -> T&I | H41: =VLOOKUP(D41,Master!C:G,5,) -> T&I EX HP 2 KG | I41: 8971.32 | J41: 6828 | K41: =IFERROR(J41/I41,0) -> 0.76109201 | L41: 6000 | M41: 46165 | N41: 4764 | O41: 10764 | P41: =I41-J41-O41 -> -8620.68 | Q41: =IFERROR(IF(D41=20250,O41/(#REF!/30),O41/(I41/30)),0) -> 35.994703 | R41: =IFERROR(N41/(I41/30),0) -> 15.930766
A42: =B42&D42 -> 410005159 | B42: 4100 | C42: =_xlfn.XLOOKUP(B:B,Master!A:A,Master!B:B) -> RPSPL-GUJ | D42: 05159 | E42: =B42&D42 -> 410005159 | F42: Rich's Whip Topping-Gold 500 G (India) | G42: =VLOOKUP(D42,Master!C:G,4,) -> T&I | H42: =VLOOKUP(D42,Master!C:G,5,) -> T&I EX HP | I42: 1188.72 | J42: 528 | K42: =IFERROR(J42/I42,0) -> 0.44417525 | L42: 804 | M42: 46165 | N42: 324 | O42: 1128 | P42: =I42-J42-O42 -> -467.28 | Q42: =IFERROR(IF(D42=20250,O42/(#REF!/30),O42/(I42/30)),0) -> 28.467595 | R42: =IFERROR(N42/(I42/30),0) -> 8.1768625
A43: =B43&D43 -> 410006982 | B43: 4100 | C43: =_xlfn.XLOOKUP(B:B,Master!A:A,Master!B:B) -> RPSPL-GUJ | D43: 06982 | E43: =B43&D43 -> 410006982 | F43: Rich's Chocolate Whip Topping | G43: =VLOOKUP(D43,Master!C:G,4,) -> T&I | H43: =VLOOKUP(D43,Master!C:G,5,) -> T&I Comm-UF | I43: 6835.32 | J43: 4320 | K43: =IFERROR(J43/I43,0) -> 0.63201138 | L43: 0 | N43: 9408 | O43: 9408 | P43: =I43-J43-O43 -> -6892.68 | Q43: =IFERROR(IF(D43=20250,O43/(#REF!/30),O43/(I43/30)),0) -> 41.29141 | R43: =IFERROR(N43/(I43/30),0) -> 41.29141
A44: =B44&D44 -> 410007310 | B44: 4100 | C44: =_xlfn.XLOOKUP(B:B,Master!A:A,Master!B:B) -> RPSPL-GUJ | D44: 07310 | E44: =B44&D44 -> 410007310 | F44: Rich's Cooking Rich Hot Kitchen Appl. | G44: =VLOOKUP(D44,Master!C:G,4,) -> T&I | H44: =VLOOKUP(D44,Master!C:G,5,) -> T&I Comm -HP | I44: 77218.44 | J44: 33120 | K44: =IFERROR(J44/I44,0) -> 0.42891309 | L44: 3672 | M44: 46165 | N44: 58356 | O44: 62028 | P44: =I44-J44-O44 -> -17929.56 | Q44: =IFERROR(IF(D44=20250,O44/(#REF!/30),O44/(I44/30)),0) -> 24.098389 | R44: =IFERROR(N44/(I44/30),0) -> 22.671787
A45: =B45&D45 -> 410008529 | B45: 4100 | C45: =_xlfn.XLOOKUP(B:B,Master!A:A,Master!B:B) -> RPSPL-GUJ | D45: 08529 | E45: =B45&D45 -> 410008529 | F45: Rich's Truffle Base | G45: =VLOOKUP(D45,Master!C:G,4,) -> T&I | H45: =VLOOKUP(D45,Master!C:G,5,) -> T&I EX HP 2 KG | I45: 8263.56 | J45: 4728 | K45: =IFERROR(J45/I45,0) -> 0.5721505 | L45: 2004 | M45: 46165 | N45: 7524 | O45: 9528 | P45: =I45-J45-O45 -> -5992.44 | Q45: =IFERROR(IF(D45=20250,O45/(#REF!/30),O45/(I45/30)),0) -> 34.590419 | R45: =IFERROR(N45/(I45/30),0) -> 27.315104
A46: =B46&D46 -> 410013179 | B46: 4100 | C46: =_xlfn.XLOOKUP(B:B,Master!A:A,Master!B:B) -> RPSPL-GUJ | D46: 13179 | E46: =B46&D46 -> 410013179 | F46: Rich’s Whip Topping Gold (India) | G46: =VLOOKUP(D46,Master!C:G,4,) -> T&I | H46: =VLOOKUP(D46,Master!C:G,5,) -> T&I EX HP 2 KG | I46: 16822.2 | J46: 10008 | K46: =IFERROR(J46/I46,0) -> 0.59492813 | L46: 4992 | M46: 46165 | N46: 14880 | O46: 19872 | P46: =I46-J46-O46 -> -13057.8 | Q46: =IFERROR(IF(D46=20250,O46/(#REF!/30),O46/(I46/30)),0) -> 35.438884 | R46: =IFERROR(N46/(I46/30),0) -> 26.536363
A47: =B47&D47 -> 410013678 | B47: 4100 | C47: =_xlfn.XLOOKUP(B:B,Master!A:A,Master!B:B) -> RPSPL-GUJ | D47: 13678 | E47: =B47&D47 -> 410013678 | F47: Rich’s New Niagara Farms | G47: =VLOOKUP(D47,Master!C:G,4,) -> T&I | H47: =VLOOKUP(D47,Master!C:G,5,) -> T&I EX HP | I47: 9756.12 | J47: 3840 | K47: =IFERROR(J47/I47,0) -> 0.39359909 | L47: 0 | N47: 8688 | O47: 8688 | P47: =I47-J47-O47 -> -2771.88 | Q47: =IFERROR(IF(D47=20250,O47/(#REF!/30),O47/(I47/30)),0) -> 26.715539 | R47: =IFERROR(N47/(I47/30),0) -> 26.715539
A48: =B48&D48 -> 410014654 | B48: 4100 | C48: =_xlfn.XLOOKUP(B:B,Master!A:A,Master!B:B) -> RPSPL-GUJ | D48: 14654 | E48: =B48&D48 -> 410014654 | F48: Rich's Bettercreme | G48: =VLOOKUP(D48,Master!C:G,4,) -> T&I | H48: =VLOOKUP(D48,Master!C:G,5,) -> T&I Comm-UF | I48: 4847.88 | J48: 2220 | K48: =IFERROR(J48/I48,0) -> 0.45793213 | L48: 0 | N48: 2628 | O48: 2628 | P48: =I48-J48-O48 -> -0.12 | Q48: =IFERROR(IF(D48=20250,O48/(#REF!/30),O48/(I48/30)),0) -> 16.262779 | R48: =IFERROR(N48/(I48/30),0) -> 16.262779
A49: =B49&D49 -> 410014788 | B49: 4100 | C49: =_xlfn.XLOOKUP(B:B,Master!A:A,Master!B:B) -> RPSPL-GUJ | D49: 14788 | E49: =B49&D49 -> 410014788 | F49: Rich’s Whip Topping-Gold 1 Kg | G49: =VLOOKUP(D49,Master!C:G,4,) -> T&I | H49: =VLOOKUP(D49,Master!C:G,5,) -> T&I EX HP | I49: 17943.6 | J49: 7236 | K49: =IFERROR(J49/I49,0) -> 0.40326356 | L49: 0 | N49: 9816 | O49: 9816 | P49: =I49-J49-O49 -> 891.6 | Q49: =IFERROR(IF(D49=20250,O49/(#REF!/30),O49/(I49/30)),0) -> 16.411422 | R49: =IFERROR(N49/(I49/30),0) -> 16.411422
A50: =B50&D50 -> 410015536 | B50: 4100 | C50: =_xlfn.XLOOKUP(B:B,Master!A:A,Master!B:B) -> RPSPL-GUJ | D50: 15536 | E50: =B50&D50 -> 410015536 | F50: Rich's Premium Truffle -2 Kg | G50: =VLOOKUP(D50,Master!C:G,4,) -> Ganache | H50: =VLOOKUP(D50,Master!C:G,5,) -> Ganache- UF | I50: 5509.08 | J50: 2856 | K50: =IFERROR(J50/I50,0) -> 0.51841687 | L50: 0 | N50: 6120 | O50: 6120 | P50: =I50-J50-O50 -> -3466.92 | Q50: =IFERROR(IF(D50=20250,O50/(#REF!/30),O50/(I50/30)),0) -> 33.326799 | R50: =IFERROR(N50/(I50/30),0) -> 33.326799
A51: =B51&D51 -> 410015906 | B51: 4100 | C51: =_xlfn.XLOOKUP(B:B,Master!A:A,Master!B:B) -> RPSPL-GUJ | D51: 15906 | E51: =B51&D51 -> 410015906 | F51: Rich’s Whip Topping (India) 1 Kg | G51: =VLOOKUP(D51,Master!C:G,4,) -> T&I | H51: =VLOOKUP(D51,Master!C:G,5,) -> T&I EX HP | I51: 2242.8 | J51: 1320 | K51: =IFERROR(J51/I51,0) -> 0.58855003 | L51: 492 | M51: 46165 | N51: 2124 | O51: 2616 | P51: =I51-J51-O51 -> -1693.2 | Q51: =IFERROR(IF(D51=20250,O51/(#REF!/30),O51/(I51/30)),0) -> 34.991974 | R51: =IFERROR(N51/(I51/30),0) -> 28.410915
A52: =B52&D52 -> 410016336 | B52: 4100 | C52: =_xlfn.XLOOKUP(B:B,Master!A:A,Master!B:B) -> RPSPL-GUJ | D52: 16336 | E52: =B52&D52 -> 410016336 | F52: Sunwhip (India) 1 Kg | G52: =VLOOKUP(D52,Master!C:G,4,) -> T&I | H52: =VLOOKUP(D52,Master!C:G,5,) -> T&I Comm-UF | I52: 57035.88 | J52: 27840 | K52: =IFERROR(J52/I52,0) -> 0.4881138 | L52: 0 | N52: 45912 | O52: 45912 | P52: =I52-J52-O52 -> -16716.12 | Q52: =IFERROR(IF(D52=20250,O52/(#REF!/30),O52/(I52/30)),0) -> 24.149009 | R52: =IFERROR(N52/(I52/30),0) -> 24.149009
A53: =B53&D53 -> 410016984 | B53: 4100 | C53: =_xlfn.XLOOKUP(B:B,Master!A:A,Master!B:B) -> RPSPL-GUJ | D53: 16984 | E53: =B53&D53 -> 410016984 | F53: Rich’s Niagara Farms Gold (1 Kg ) | G53: =VLOOKUP(D53,Master!C:G,4,) -> T&I | H53: =VLOOKUP(D53,Master!C:G,5,) -> T&I EX HP | I53: 2019.12 | J53: 924 | K53: =IFERROR(J53/I53,0) -> 0.4576251 | L53: 0 | N53: 1404 | O53: 1404 | P53: =I53-J53-O53 -> -308.88 | Q53: =IFERROR(IF(D53=20250,O53/(#REF!/30),O53/(I53/30)),0) -> 20.860573 | R53: =IFERROR(N53/(I53/30),0) -> 20.860573
A54: =B54&D54 -> 410016998 | B54: 4100 | C54: =_xlfn.XLOOKUP(B:B,Master!A:A,Master!B:B) -> RPSPL-GUJ | D54: 16998 | E54: =B54&D54 -> 410016998 | F54: Rich's Excel Whip (1 Kg) | G54: =VLOOKUP(D54,Master!C:G,4,) -> T&I | H54: =VLOOKUP(D54,Master!C:G,5,) -> T&I EX UF | I54: 5804.04 | J54: 2652 | K54: =IFERROR(J54/I54,0) -> 0.45692311 | L54: 0 | N54: 8280 | O54: 8280 | P54: =I54-J54-O54 -> -5127.96 | Q54: =IFERROR(IF(D54=20250,O54/(#REF!/30),O54/(I54/30)),0) -> 42.797775 | R54: =IFERROR(N54/(I54/30),0) -> 42.797775
A55: =B55&D55 -> 410018098 | B55: 4100 | C55: =_xlfn.XLOOKUP(B:B,Master!A:A,Master!B:B) -> RPSPL-GUJ | D55: 18098 | E55: =B55&D55 -> 410018098 | F55: Rich's ICEHOT All in one beverage base | G55: =VLOOKUP(D55,Master!C:G,4,) -> T&I | H55: =VLOOKUP(D55,Master!C:G,5,) -> T&I EX HP | I55: 1286.64 | J55: 360 | K55: =IFERROR(J55/I55,0) -> 0.27979855 | L55: 0 | N55: 1020 | O55: 1020 | P55: =I55-J55-O55 -> -93.36 | Q55: =IFERROR(IF(D55=20250,O55/(#REF!/30),O55/(I55/30)),0) -> 23.782876 | R55: =IFERROR(N55/(I55/30),0) -> 23.782876
A56: =B56&D56 -> 410020308 | B56: 4100 | C56: =_xlfn.XLOOKUP(B:B,Master!A:A,Master!B:B) -> RPSPL-GUJ | D56: 20308 | E56: =B56&D56 -> 410020308 | F56: Rich's Star Whip 2 kg | G56: =VLOOKUP(D56,Master!C:G,4,) -> T&I | H56: =VLOOKUP(D56,Master!C:G,5,) -> T&I EX HP 2 KG | I56: 19346.16 | J56: 10296 | K56: =IFERROR(J56/I56,0) -> 0.53219864 | L56: 6996 | M56: 46165 | N56: 10668 | O56: 17664 | P56: =I56-J56-O56 -> -8613.84 | Q56: =IFERROR(IF(D56=20250,O56/(#REF!/30),O56/(I56/30)),0) -> 27.391482 | R56: =IFERROR(N56/(I56/30),0) -> 16.542818
A57: =B57&D57 -> 410020827 | B57: 4100 | C57: =_xlfn.XLOOKUP(B:B,Master!A:A,Master!B:B) -> RPSPL-GUJ | D57: 20827 | E57: =B57&D57 -> 410020827 | F57: Rich’s Premium Truffle-RTUGanache-GS 2kg | G57: =VLOOKUP(D57,Master!C:G,4,) -> Ganache | H57: =VLOOKUP(D57,Master!C:G,5,) -> Ganache- UF | I57: 8814.84 | J57: 4608 | K57: =IFERROR(J57/I57,0) -> 0.52275481 | L57: 0 | N57: 9228 | O57: 9228 | P57: =I57-J57-O57 -> -5021.16 | Q57: =IFERROR(IF(D57=20250,O57/(#REF!/30),O57/(I57/30)),0) -> 31.406129 | R57: =IFERROR(N57/(I57/30),0) -> 31.406129
A58: =B58&D58 -> 410021910 | B58: 4100 | C58: =_xlfn.XLOOKUP(B:B,Master!A:A,Master!B:B) -> RPSPL-GUJ | D58: 21910 | E58: =B58&D58 -> 410021910 | F58: Rich’s Sunwhip 2 Kg | G58: =VLOOKUP(D58,Master!C:G,4,) -> T&I | H58: =VLOOKUP(D58,Master!C:G,5,) -> T&I EX HP 2 KG | I58: 2953.44 | J58: 1140 | K58: =IFERROR(J58/I58,0) -> 0.38599057 | L58: 0 | N58: 3420 | O58: 3420 | P58: =I58-J58-O58 -> -1606.56 | Q58: =IFERROR(IF(D58=20250,O58/(#REF!/30),O58/(I58/30)),0) -> 34.739152 | R58: =IFERROR(N58/(I58/30),0) -> 34.739152
A59: =B59&D59 -> 410023081 | B59: 4100 | C59: =_xlfn.XLOOKUP(B:B,Master!A:A,Master!B:B) -> RPSPL-GUJ | D59: 23081 | E59: =B59&D59 -> 410023081 | F59: Rich’s Icehot Creamery Dairy Beverage MI | G59: =VLOOKUP(D59,Master!C:G,4,) -> T&I | H59: =VLOOKUP(D59,Master!C:G,5,) -> T&I EX HP | I59: 257.28 | J59: 144 | K59: =IFERROR(J59/I59,0) -> 0.55970149 | L59: 0 | N59: 156 | O59: 156 | P59: =I59-J59-O59 -> -42.72 | Q59: =IFERROR(IF(D59=20250,O59/(#REF!/30),O59/(I59/30)),0) -> 18.190299 | R59: =IFERROR(N59/(I59/30),0) -> 18.190299
A60: =B60&D60 -> 410023401 | B60: 4100 | C60: =_xlfn.XLOOKUP(B:B,Master!A:A,Master!B:B) -> RPSPL-GUJ | D60: 23401 | E60: =B60&D60 -> 410023401 | F60: New Toppin Pride (1 kg) | G60: =VLOOKUP(D60,Master!C:G,4,) -> T&I | H60: =VLOOKUP(D60,Master!C:G,5,) -> T&I EX UF | I60: 2500.08 | J60: 276 | K60: =IFERROR(J60/I60,0) -> 0.11039647 | L60: 0 | N60: 2220 | O60: 2220 | P60: =I60-J60-O60 -> 4.08 | Q60: =IFERROR(IF(D60=20250,O60/(#REF!/30),O60/(I60/30)),0) -> 26.639148 | R60: =IFERROR(N60/(I60/30),0) -> 26.639148
A61: =B61&D61 -> 410024768 | B61: 4100 | C61: =_xlfn.XLOOKUP(B:B,Master!A:A,Master!B:B) -> RPSPL-GUJ | D61: 24768 | E61: =B61&D61 -> 410024768 | F61: RWT Silver India 1kg | G61: =VLOOKUP(D61,Master!C:G,4,) -> T&I | H61: =VLOOKUP(D61,Master!C:G,5,) -> T&I EX UF | I61: 7874.64 | J61: 3252 | K61: =IFERROR(J61/I61,0) -> 0.41297126 | L61: 0 | N61: 7272 | O61: 7272 | P61: =I61-J61-O61 -> -2649.36 | Q61: =IFERROR(IF(D61=20250,O61/(#REF!/30),O61/(I61/30)),0) -> 27.704124 | R61: =IFERROR(N61/(I61/30),0) -> 27.704124
A62: =B62&D62 -> 410025570 | B62: 4100 | C62: =_xlfn.XLOOKUP(B:B,Master!A:A,Master!B:B) -> RPSPL-GUJ | D62: 25570 | E62: =B62&D62 -> 410025570 | F62: Rich'S Sun Whip Ultra (1 Kg) 2025 | G62: =VLOOKUP(D62,Master!C:G,4,) -> T&I | H62: =VLOOKUP(D62,Master!C:G,5,) -> T&I EX HP | I62: 68.28 | J62: 84 | K62: =IFERROR(J62/I62,0) -> 1.2302285 | L62: 0 | N62: 276 | O62: 276 | P62: =I62-J62-O62 -> -291.72 | Q62: =IFERROR(IF(D62=20250,O62/(#REF!/30),O62/(I62/30)),0) -> 121.26538 | R62: =IFERROR(N62/(I62/30),0) -> 121.26538
A63: =B63&D63 -> 410025598 | B63: 4100 | C63: =_xlfn.XLOOKUP(B:B,Master!A:A,Master!B:B) -> RPSPL-GUJ | D63: 25598 | E63: =B63&D63 -> 410025598 | F63: Rich's Cheese Flv WT 1 kg (2025) | G63: =VLOOKUP(D63,Master!C:G,4,) -> T&I | H63: =VLOOKUP(D63,Master!C:G,5,) -> T&I EX HP | I63: 513.6 | J63: 468 | K63: =IFERROR(J63/I63,0) -> 0.91121495 | L63: 0 | N63: 384 | O63: 384 | P63: =I63-J63-O63 -> -338.4 | Q63: =IFERROR(IF(D63=20250,O63/(#REF!/30),O63/(I63/30)),0) -> 22.429907 | R63: =IFERROR(N63/(I63/30),0) -> 22.429907
A64: =B64&D64 -> 410106151 | B64: 4101 | C64: =_xlfn.XLOOKUP(B:B,Master!A:A,Master!B:B) -> RPSPL-PC | D64: 06151 | E64: =B64&D64 -> 410106151 | F64: Rich's Double Dream | G64: =VLOOKUP(D64,Master!C:G,4,) -> DD | H64: =VLOOKUP(D64,Master!C:G,5,) -> OS - Dry | I64: 51479.28 | J64: 23316 | K64: =IFERROR(J64/I64,0) -> 0.45292009 | L64: 0 | N64: 27744 | O64: 27744 | P64: =I64-J64-O64 -> 419.28 | Q64: =IFERROR(IF(D64=20250,O64/(#REF!/30),O64/(I64/30)),0) -> 16.168058 | R64: =IFERROR(N64/(I64/30),0) -> 16.168058
A65: =B65&D65 -> 410113490 | B65: 4101 | C65: =_xlfn.XLOOKUP(B:B,Master!A:A,Master!B:B) -> RPSPL-PC | D65: 13490 | E65: =B65&D65 -> 410113490 | F65: Rich's Nugel Neutral Glaze 2.5 Kg IN | G65: =VLOOKUP(D65,Master!C:G,4,) -> NGL | H65: =VLOOKUP(D65,Master!C:G,5,) -> UF-Dry | I65: 4844.9 | J65: 4600 | K65: =IFERROR(J65/I65,0) -> 0.949452 | L65: 0 | N65: 0 | O65: 0 | P65: =I65-J65-O65 -> 244.9 | Q65: =IFERROR(IF(D65=20250,O65/(#REF!/30),O65/(I65/30)),0) -> 0 | R65: =IFERROR(N65/(I65/30),0) -> 0
A66: =B66&D66 -> 410115300 | B66: 4101 | C66: =_xlfn.XLOOKUP(B:B,Master!A:A,Master!B:B) -> RPSPL-PC | D66: 15300 | E66: =B66&D66 -> 410115300 | F66: Rich's Nugel Pineapple Glaze 1.0 Kg IN | G66: =VLOOKUP(D66,Master!C:G,4,) -> NGL | H66: =VLOOKUP(D66,Master!C:G,5,) -> UF-Dry | I66: 363.15 | J66: 306 | K66: =IFERROR(J66/I66,0) -> 0.84262701 | L66: 0 | N66: 54 | O66: 54 | P66: =I66-J66-O66 -> 3.15 | Q66: =IFERROR(IF(D66=20250,O66/(#REF!/30),O66/(I66/30)),0) -> 4.4609665 | R66: =IFERROR(N66/(I66/30),0) -> 4.4609665
A67: =B67&D67 -> 410119690 | B67: 4101 | C67: =_xlfn.XLOOKUP(B:B,Master!A:A,Master!B:B) -> RPSPL-PC | D67: 19690 | E67: =B67&D67 -> 410119690 | F67: Rich's Nufill Blueberry FruitFilling 1Kg | G67: =VLOOKUP(D67,Master!C:G,4,) -> NFL | H67: =VLOOKUP(D67,Master!C:G,5,) -> OS - Dry | I67: 320.64 | J67: 312 | K67: =IFERROR(J67/I67,0) -> 0.97305389 | L67: 0 | N67: 72 | O67: 72 | P67: =I67-J67-O67 -> -63.36 | Q67: =IFERROR(IF(D67=20250,O67/(#REF!/30),O67/(I67/30)),0) -> 6.7365269 | R67: =IFERROR(N67/(I67/30),0) -> 6.7365269
A68: =B68&D68 -> 410120661 | B68: 4101 | C68: =_xlfn.XLOOKUP(B:B,Master!A:A,Master!B:B) -> RPSPL-PC | D68: 20661 | E68: =B68&D68 -> 410120661 | F68: Rich’s Wilber Farms Dairy Cream 1ltr | G68: =VLOOKUP(D68,Master!C:G,4,) -> UHT-Chill | H68: =VLOOKUP(D68,Master!C:G,5,) -> OS-Chill | I68: 4826.04 | J68: 3168 | K68: =IFERROR(J68/I68,0) -> 0.65643882 | L68: 0 | N68: 4920 | O68: 4920 | P68: =I68-J68-O68 -> -3261.96 | Q68: =IFERROR(IF(D68=20250,O68/(#REF!/30),O68/(I68/30)),0) -> 30.584081 | R68: =IFERROR(N68/(I68/30),0) -> 30.584081
... A82: =B82&D82 -> 410116407 | B82: 4101 | C82: =_xlfn.XLOOKUP(B:B,Master!A:A,Master!B:B) -> RPSPL-PC | D82: 16407 | E82: =B82&D82 -> 410116407 | F82: Rich's Nugel White 1 Kg (India) | G82: =VLOOKUP(D82,Master!C:G,4,) -> NGL | H82: =VLOOKUP(D82,Master!C:G,5,) -> UF-Dry | I82: 1977.48 | J82: 891 | K82: =IFERROR(J82/I82,0) -> 0.45057346 | L82: 0 | N82: 1170 | O82: 1170 | P82: =I82-J82-O82 -> -83.52 | Q82: =IFERROR(IF(D82=20250,O82/(#REF!/30),O82/(I82/30)),0) -> 17.749863 | R82: =IFERROR(N82/(I82/30),0) -> 17.749863
A83: =B83&D83 -> 410100189 | B83: 4101 | C83: =_xlfn.XLOOKUP(B:B,Master!A:A,Master!B:B) -> RPSPL-PC | D83: 00189 | E83: =B83&D83 -> 410100189 | F83: Rich's Star Whip 1 Kg | G83: =VLOOKUP(D83,Master!C:G,4,) -> T&I | H83: =VLOOKUP(D83,Master!C:G,5,) -> T&I Comm-UF | I83: 194379.24 | J83: 107424 | K83: =IFERROR(J83/I83,0) -> 0.55265161 | L83: 15600 | M83: 46164 | N83: 80184 | O83: 95784 | P83: =I83-J83-O83 -> -8828.76 | Q83: =IFERROR(IF(D83=20250,O83/(#REF!/30),O83/(I83/30)),0) -> 14.78306 | R83: =IFERROR(N83/(I83/30),0) -> 12.375396
A84: =B84&D84 -> 410101167 | B84: 4101 | C84: =_xlfn.XLOOKUP(B:B,Master!A:A,Master!B:B) -> RPSPL-PC | D84: 01167 | E84: =B84&D84 -> 410101167 | F84: Rich's Sweetmate (India) 1 Kg | G84: =VLOOKUP(D84,Master!C:G,4,) -> T&I | H84: =VLOOKUP(D84,Master!C:G,5,) -> T&I EX UF | I84: 24977.88 | J84: 17952 | K84: =IFERROR(J84/I84,0) -> 0.71871592 | L84: 1200 | M84: 46165 | N84: 13632 | O84: 14832 | P84: =I84-J84-O84 -> -7806.12 | Q84: =IFERROR(IF(D84=20250,O84/(#REF!/30),O84/(I84/30)),0) -> 17.814162 | R84: =IFERROR(N84/(I84/30),0) -> 16.372887
A85: =B85&D85 -> 410101296 | B85: 4101 | C85: =_xlfn.XLOOKUP(B:B,Master!A:A,Master!B:B) -> RPSPL-PC | D85: 01296 | E85: =B85&D85 -> 410101296 | F85: Rich’s Cremagic - 2 Kg | G85: =VLOOKUP(D85,Master!C:G,4,) -> T&I | H85: =VLOOKUP(D85,Master!C:G,5,) -> T&I EX HP 2 KG | I85: 19237.2 | J85: 11292 | K85: =IFERROR(J85/I85,0) -> 0.58698771 | L85: 1500 | M85: 46165 | N85: 11412 | O85: 12912 | P85: =I85-J85-O85 -> -4966.8 | Q85: =IFERROR(IF(D85=20250,O85/(#REF!/30),O85/(I85/30)),0) -> 20.135987 | R85: =IFERROR(N85/(I85/30),0) -> 17.796769
A86: =B86&D86 -> 410102122 | B86: 4101 | C86: =_xlfn.XLOOKUP(B:B,Master!A:A,Master!B:B) -> RPSPL-PC | D86: 02122 | E86: =B86&D86 -> 410102122 | F86: Rich's Dairy Free Whip Topping - 2 Kg | G86: =VLOOKUP(D86,Master!C:G,4,) -> T&I | H86: =VLOOKUP(D86,Master!C:G,5,) -> T&I EX HP 2 KG | I86: 56073.72 | J86: 33396 | K86: =IFERROR(J86/I86,0) -> 0.59557311 | L86: 6000 | M86: 46165 | N86: 32916 | O86: 38916 | P86: =I86-J86-O86 -> -16238.28 | Q86: =IFERROR(IF(D86=20250,O86/(#REF!/30),O86/(I86/30)),0) -> 20.820449 | R86: =IFERROR(N86/(I86/30),0) -> 17.610389
A87: =B87&D87 -> 410105159 | B87: 4101 | C87: =_xlfn.XLOOKUP(B:B,Master!A:A,Master!B:B) -> RPSPL-PC | D87: 05159 | E87: =B87&D87 -> 410105159 | F87: Rich's Whip Topping-Gold 500 G (India) | G87: =VLOOKUP(D87,Master!C:G,4,) -> T&I | H87: =VLOOKUP(D87,Master!C:G,5,) -> T&I EX HP | I87: 379.08 | J87: 120 | K87: =IFERROR(J87/I87,0) -> 0.31655587 | L87: 204 | M87: 46165 | N87: 132 | O87: 336 | P87: =I87-J87-O87 -> -76.92 | Q87: =IFERROR(IF(D87=20250,O87/(#REF!/30),O87/(I87/30)),0) -> 26.590693 | R87: =IFERROR(N87/(I87/30),0) -> 10.446344
A88: =B88&D88 -> 410106982 | B88: 4101 | C88: =_xlfn.XLOOKUP(B:B,Master!A:A,Master!B:B) -> RPSPL-PC | D88: 06982 | E88: =B88&D88 -> 410106982 | F88: Rich's Chocolate Whip Topping | G88: =VLOOKUP(D88,Master!C:G,4,) -> T&I | H88: =VLOOKUP(D88,Master!C:G,5,) -> T&I Comm-UF | I88: 21017.76 | J88: 13368 | K88: =IFERROR(J88/I88,0) -> 0.63603353 | L88: 144 | M88: 46160 | N88: 12840 | O88: 12984 | P88: =I88-J88-O88 -> -5334.24 | Q88: =IFERROR(IF(D88=20250,O88/(#REF!/30),O88/(I88/30)),0) -> 18.532898 | R88: =IFERROR(N88/(I88/30),0) -> 18.327357
A89: =B89&D89 -> 410107310 | B89: 4101 | C89: =_xlfn.XLOOKUP(B:B,Master!A:A,Master!B:B) -> RPSPL-PC | D89: 07310 | E89: =B89&D89 -> 410107310 | F89: Rich's Cooking Rich Hot Kitchen Appl. | G89: =VLOOKUP(D89,Master!C:G,4,) -> T&I | H89: =VLOOKUP(D89,Master!C:G,5,) -> T&I Comm -HP | I89: 193047 | J89: 98520 | K89: =IFERROR(J89/I89,0) -> 0.51034204 | L89: 20304 | M89: 46165 | N89: 101136 | O89: 121440 | P89: =I89-J89-O89 -> -26913 | Q89: =IFERROR(IF(D89=20250,O89/(#REF!/30),O89/(I89/30)),0) -> 18.872088 | R89: =IFERROR(N89/(I89/30),0) -> 15.716794
A90: =B90&D90 -> 410108529 | B90: 4101 | C90: =_xlfn.XLOOKUP(B:B,Master!A:A,Master!B:B) -> RPSPL-PC | D90: 08529 | E90: =B90&D90 -> 410108529 | F90: Rich's Truffle Base | G90: =VLOOKUP(D90,Master!C:G,4,) -> T&I | H90: =VLOOKUP(D90,Master!C:G,5,) -> T&I EX HP 2 KG | I90: 47885.28 | J90: 29376 | K90: =IFERROR(J90/I90,0) -> 0.61346618 | L90: 12684 | M90: 46165 | N90: 22956 | O90: 35640 | P90: =I90-J90-O90 -> -17130.72 | Q90: =IFERROR(IF(D90=20250,O90/(#REF!/30),O90/(I90/30)),0) -> 22.328365 | R90: =IFERROR(N90/(I90/30),0) -> 14.381873
A91: =B91&D91 -> 410113179 | B91: 4101 | C91: =_xlfn.XLOOKUP(B:B,Master!A:A,Master!B:B) -> RPSPL-PC | D91: 13179 | E91: =B91&D91 -> 410113179 | F91: Rich’s Whip Topping Gold (India) | G91: =VLOOKUP(D91,Master!C:G,4,) -> T&I | H91: =VLOOKUP(D91,Master!C:G,5,) -> T&I EX HP 2 KG | I91: 100932.48 | J91: 59124 | K91: =IFERROR(J91/I91,0) -> 0.58577774 | L91: 15600 | M91: 46166 | N91: 60804 | O91: 76404 | P91: =I91-J91-O91 -> -34595.52 | Q91: =IFERROR(IF(D91=20250,O91/(#REF!/30),O91/(I91/30)),0) -> 22.709439 | R91: =IFERROR(N91/(I91/30),0) -> 18.072676
A92: =B92&D92 -> 410113678 | B92: 4101 | C92: =_xlfn.XLOOKUP(B:B,Master!A:A,Master!B:B) -> RPSPL-PC | D92: 13678 | E92: =B92&D92 -> 410113678 | F92: Rich’s New Niagara Farms | G92: =VLOOKUP(D92,Master!C:G,4,) -> T&I | H92: =VLOOKUP(D92,Master!C:G,5,) -> T&I EX HP | I92: 5362.56 | J92: 3948 | K92: =IFERROR(J92/I92,0) -> 0.73621554 | L92: 0 | N92: 4440 | O92: 4440 | P92: =I92-J92-O92 -> -3025.44 | Q92: =IFERROR(IF(D92=20250,O92/(#REF!/30),O92/(I92/30)),0) -> 24.838883 | R92: =IFERROR(N92/(I92/30),0) -> 24.838883
A93: =B93&D93 -> 410114654 | B93: 4101 | C93: =_xlfn.XLOOKUP(B:B,Master!A:A,Master!B:B) -> RPSPL-PC | D93: 14654 | E93: =B93&D93 -> 410114654 | F93: Rich's Bettercreme | G93: =VLOOKUP(D93,Master!C:G,4,) -> T&I | H93: =VLOOKUP(D93,Master!C:G,5,) -> T&I Comm-UF | I93: 15674.04 | J93: 7656 | K93: =IFERROR(J93/I93,0) -> 0.48845097 | L93: 4872 | M93: 46166 | N93: 5736 | O93: 10608 | P93: =I93-J93-O93 -> -2589.96 | Q93: =IFERROR(IF(D93=20250,O93/(#REF!/30),O93/(I93/30)),0) -> 20.303636 | R93: =IFERROR(N93/(I93/30),0) -> 10.978663
A94: =B94&D94 -> 410114788 | B94: 4101 | C94: =_xlfn.XLOOKUP(B:B,Master!A:A,Master!B:B) -> RPSPL-PC | D94: 14788 | E94: =B94&D94 -> 410114788 | F94: Rich’s Whip Topping-Gold 1 Kg | G94: =VLOOKUP(D94,Master!C:G,4,) -> T&I | H94: =VLOOKUP(D94,Master!C:G,5,) -> T&I EX HP | I94: 61680.84 | J94: 34056 | K94: =IFERROR(J94/I94,0) -> 0.55213256 | L94: 0 | N94: 48372 | O94: 48372 | P94: =I94-J94-O94 -> -20747.16 | Q94: =IFERROR(IF(D94=20250,O94/(#REF!/30),O94/(I94/30)),0) -> 23.526917 | R94: =IFERROR(N94/(I94/30),0) -> 23.526917
A95: =B95&D95 -> 410115459 | B95: 4101 | C95: =_xlfn.XLOOKUP(B:B,Master!A:A,Master!B:B) -> RPSPL-PC | D95: 15459 | E95: =B95&D95 -> 410115459 | F95: Rich's Cooking Rich-Hot Kitchen (10 Kg) | G95: =VLOOKUP(D95,Master!C:G,4,) -> T&I | H95: =VLOOKUP(D95,Master!C:G,5,) -> T&I EX HP | I95: 12870 | J95: 5000 | K95: =IFERROR(J95/I95,0) -> 0.38850039 | L95: 0 | N95: 14050 | O95: 14050 | P95: =I95-J95-O95 -> -6180 | Q95: =IFERROR(IF(D95=20250,O95/(#REF!/30),O95/(I95/30)),0) -> 32.750583 | R95: =IFERROR(N95/(I95/30),0) -> 32.750583
A96: =B96&D96 -> 410115536 | B96: 4101 | C96: =_xlfn.XLOOKUP(B:B,Master!A:A,Master!B:B) -> RPSPL-PC | D96: 15536 | E96: =B96&D96 -> 410115536 | F96: Rich's Premium Truffle -2 Kg | G96: =VLOOKUP(D96,Master!C:G,4,) -> Ganache | H96: =VLOOKUP(D96,Master!C:G,5,) -> Ganache- UF | I96: 23688.12 | J96: 11832 | K96: =IFERROR(J96/I96,0) -> 0.49949088 | L96: 4824 | M96: 46164 | N96: 19224 | O96: 24048 | P96: =I96-J96-O96 -> -12191.88 | Q96: =IFERROR(IF(D96=20250,O96/(#REF!/30),O96/(I96/30)),0) -> 30.455773 | R96: =IFERROR(N96/(I96/30),0) -> 24.346381
A97: =B97&D97 -> 410115906 | B97: 4101 | C97: =_xlfn.XLOOKUP(B:B,Master!A:A,Master!B:B) -> RPSPL-PC | D97: 15906 | E97: =B97&D97 -> 410115906 | F97: Rich’s Whip Topping (India) 1 Kg | G97: =VLOOKUP(D97,Master!C:G,4,) -> T&I | H97: =VLOOKUP(D97,Master!C:G,5,) -> T&I EX HP | I97: 25744.08 | J97: 9348 | K97: =IFERROR(J97/I97,0) -> 0.36311261 | L97: 1008 | M97: 46163 | N97: 17508 | O97: 18516 | P97: =I97-J97-O97 -> -2119.92 | Q97: =IFERROR(IF(D97=20250,O97/(#REF!/30),O97/(I97/30)),0) -> 21.576999 | R97: =IFERROR(N97/(I97/30),0) -> 20.40236
A98: =B98&D98 -> 410116336 | B98: 4101 | C98: =_xlfn.XLOOKUP(B:B,Master!A:A,Master!B:B) -> RPSPL-PC | D98: 16336 | E98: =B98&D98 -> 410116336 | F98: Sunwhip (India) 1 Kg | G98: =VLOOKUP(D98,Master!C:G,4,) -> T&I | H98: =VLOOKUP(D98,Master!C:G,5,) -> T&I Comm-UF | I98: 102780.36 | J98: 85368 | K98: =IFERROR(J98/I98,0) -> 0.8305867 | L98: 29256 | M98: 46165 | N98: 26148 | O98: 55404 | P98: =I98-J98-O98 -> -37991.64 | Q98: =IFERROR(IF(D98=20250,O98/(#REF!/30),O98/(I98/30)),0) -> 16.171572 | R98: =IFERROR(N98/(I98/30),0) -> 7.6321974
A99: =B99&D99 -> 410116984 | B99: 4101 | C99: =_xlfn.XLOOKUP(B:B,Master!A:A,Master!B:B) -> RPSPL-PC | D99: 16984 | E99: =B99&D99 -> 410116984 | F99: Rich’s Niagara Farms Gold (1 Kg ) | G99: =VLOOKUP(D99,Master!C:G,4,) -> T&I | H99: =VLOOKUP(D99,Master!C:G,5,) -> T&I EX HP | I99: 2691.12 | J99: 2172 | K99: =IFERROR(J99/I99,0) -> 0.8070989 | L99: 0 | N99: 3288 | O99: 3288 | P99: =I99-J99-O99 -> -2768.88 | Q99: =IFERROR(IF(D99=20250,O99/(#REF!/30),O99/(I99/30)),0) -> 36.653884 | R99: =IFERROR(N99/(I99/30),0) -> 36.653884
A100: =B100&D100 -> 410116998 | B100: 4101 | C100: =_xlfn.XLOOKUP(B:B,Master!A:A,Master!B:B) -> RPSPL-PC | D100: 16998 | E100: =B100&D100 -> 410116998 | F100: Rich's Excel Whip (1 Kg) | G100: =VLOOKUP(D100,Master!C:G,4,) -> T&I | H100: =VLOOKUP(D100,Master!C:G,5,) -> T&I EX UF | I100: 23215.2 | J100: 10740 | K100: =IFERROR(J100/I100,0) -> 0.46262793 | L100: 0 | N100: 17388 | O100: 17388 | P100: =I100-J100-O100 -> -4912.8 | Q100: =IFERROR(IF(D100=20250,O100/(#REF!/30),O100/(I100/30)),0) -> 22.469761 | R100: =IFERROR(N100/(I100/30),0) -> 22.469761
A101: =B101&D101 -> 410118098 | B101: 4101 | C101: =_xlfn.XLOOKUP(B:B,Master!A:A,Master!B:B) -> RPSPL-PC | D101: 18098 | E101: =B101&D101 -> 410118098 | F101: Rich's ICEHOT All in one beverage base | G101: =VLOOKUP(D101,Master!C:G,4,) -> T&I | H101: =VLOOKUP(D101,Master!C:G,5,) -> T&I EX HP | I101: 5791.08 | J101: 4944 | K101: =IFERROR(J101/I101,0) -> 0.85372677 | L101: 3000 | M101: 46165 | N101: 1548 | O101: 4548 | P101: =I101-J101-O101 -> -3700.92 | Q101: =IFERROR(IF(D101=20250,O101/(#REF!/30),O101/(I101/30)),0) -> 23.560372 | R101: =IFERROR(N101/(I101/30),0) -> 8.0192296
A102: =B102&D102 -> 410120308 | B102: 4101 | C102: =_xlfn.XLOOKUP(B:B,Master!A:A,Master!B:B) -> RPSPL-PC | D102: 20308 | E102: =B102&D102 -> 410120308 | F102: Rich's Star Whip 2 kg | G102: =VLOOKUP(D102,Master!C:G,4,) -> T&I | H102: =VLOOKUP(D102,Master!C:G,5,) -> T&I EX HP 2 KG | I102: 50820.96 | J102: 28692 | K102: =IFERROR(J102/I102,0) -> 0.56457021 | L102: 6396 | M102: 46165 | N102: 31416 | O102: 37812 | P102: =I102-J102-O102 -> -15683.04 | Q102: =IFERROR(IF(D102=20250,O102/(#REF!/30),O102/(I102/30)),0) -> 22.320712 | R102: =IFERROR(N102/(I102/30),0) -> 18.545104
A103: =B103&D103 -> 410120827 | B103: 4101 | C103: =_xlfn.XLOOKUP(B:B,Master!A:A,Master!B:B) -> RPSPL-PC | D103: 20827 | E103: =B103&D103 -> 410120827 | F103: Rich’s Premium Truffle-RTUGanache-GS 2kg | G103: =VLOOKUP(D103,Master!C:G,4,) -> Ganache | H103: =VLOOKUP(D103,Master!C:G,5,) -> Ganache- UF | I103: 6610.68 | J103: 4344 | K103: =IFERROR(J103/I103,0) -> 0.65711848 | L103: 0 | N103: 4728 | O103: 4728 | P103: =I103-J103-O103 -> -2461.32 | Q103: =IFERROR(IF(D103=20250,O103/(#REF!/30),O103/(I103/30)),0) -> 21.456189 | R103: =IFERROR(N103/(I103/30),0) -> 21.456189
A104: =B104&D104 -> 410121910 | B104: 4101 | C104: =_xlfn.XLOOKUP(B:B,Master!A:A,Master!B:B) -> RPSPL-PC | D104: 21910 | E104: =B104&D104 -> 410121910 | F104: Rich’s Sunwhip 2 Kg | G104: =VLOOKUP(D104,Master!C:G,4,) -> T&I | H104: =VLOOKUP(D104,Master!C:G,5,) -> T&I EX HP 2 KG | I104: 2281.32 | J104: 1920 | K104: =IFERROR(J104/I104,0) -> 0.84161801 | L104: 1008 | M104: 46165 | N104: 1044 | O104: 2052 | P104: =I104-J104-O104 -> -1690.68 | Q104: =IFERROR(IF(D104=20250,O104/(#REF!/30),O104/(I104/30)),0) -> 26.984377 | R104: =IFERROR(N104/(I104/30),0) -> 13.728894
A105: =B105&D105 -> 410123081 | B105: 4101 | C105: =_xlfn.XLOOKUP(B:B,Master!A:A,Master!B:B) -> RPSPL-PC | D105: 23081 | E105: =B105&D105 -> 410123081 | F105: Rich’s Icehot Creamery Dairy Beverage MI | G105: =VLOOKUP(D105,Master!C:G,4,) -> T&I | H105: =VLOOKUP(D105,Master!C:G,5,) -> T&I EX HP | I105: 2574.36 | J105: 2088 | K105: =IFERROR(J105/I105,0) -> 0.81107537 | L105: 0 | N105: 1200 | O105: 1200 | P105: =I105-J105-O105 -> -713.64 | Q105: =IFERROR(IF(D105=20250,O105/(#REF!/30),O105/(I105/30)),0) -> 13.984058 | R105: =IFERROR(N105/(I105/30),0) -> 13.984058
A106: =B106&D106 -> 410123401 | B106: 4101 | C106: =_xlfn.XLOOKUP(B:B,Master!A:A,Master!B:B) -> RPSPL-PC | D106: 23401 | E106: =B106&D106 -> 410123401 | F106: New Toppin Pride (1 kg) | G106: =VLOOKUP(D106,Master!C:G,4,) -> T&I | H106: =VLOOKUP(D106,Master!C:G,5,) -> T&I EX UF | I106: 3000 | J106: 864 | K106: =IFERROR(J106/I106,0) -> 0.288 | L106: 0 | N106: 2232 | O106: 2232 | P106: =I106-J106-O106 -> -96 | Q106: =IFERROR(IF(D106=20250,O106/(#REF!/30),O106/(I106/30)),0) -> 22.32 | R106: =IFERROR(N106/(I106/30),0) -> 22.32
A107: =B107&D107 -> 410123890 | B107: 4101 | C107: =_xlfn.XLOOKUP(B:B,Master!A:A,Master!B:B) -> RPSPL-PC | D107: 23890 | E107: =B107&D107 -> 410123890 | F107: Whip Topping Base (India) | G107: =VLOOKUP(D107,Master!C:G,4,) -> T&I | H107: =VLOOKUP(D107,Master!C:G,5,) -> T&I EX HP | I107: 0 | J107: 0 | K107: =IFERROR(J107/I107,0) -> 0 | L107: 0 | N107: 1116 | O107: 1116 | P107: =I107-J107-O107 -> -1116 | Q107: =IFERROR(IF(D107=20250,O107/(#REF!/30),O107/(I107/30)),0) -> 0 | R107: =IFERROR(N107/(I107/30),0) -> 0
A108: =B108&D108 -> 410124768 | B108: 4101 | C108: =_xlfn.XLOOKUP(B:B,Master!A:A,Master!B:B) -> RPSPL-PC | D108: 24768 | E108: =B108&D108 -> 410124768 | F108: RWT Silver India 1kg | G108: =VLOOKUP(D108,Master!C:G,4,) -> T&I | H108: =VLOOKUP(D108,Master!C:G,5,) -> T&I EX UF | I108: 5962.32 | J108: 2880 | K108: =IFERROR(J108/I108,0) -> 0.48303345 | L108: 0 | N108: 6720 | O108: 6720 | P108: =I108-J108-O108 -> -3637.68 | Q108: =IFERROR(IF(D108=20250,O108/(#REF!/30),O108/(I108/30)),0) -> 33.812342 | R108: =IFERROR(N108/(I108/30),0) -> 33.812342
A109: =B109&D109 -> 410125570 | B109: 4101 | C109: =_xlfn.XLOOKUP(B:B,Master!A:A,Master!B:B) -> RPSPL-PC | D109: 25570 | E109: =B109&D109 -> 410125570 | F109: Rich'S Sun Whip Ultra (1 Kg) 2025 | G109: =VLOOKUP(D109,Master!C:G,4,) -> T&I | H109: =VLOOKUP(D109,Master!C:G,5,) -> T&I EX HP | I109: 1254.96 | J109: 888 | K109: =IFERROR(J109/I109,0) -> 0.70759227 | L109: 3480 | M109: 46164 | N109: 1140 | O109: 4620 | P109: =I109-J109-O109 -> -4253.04 | Q109: =IFERROR(IF(D109=20250,O109/(#REF!/30),O109/(I109/30)),0) -> 110.44177 | R109: =IFERROR(N109/(I109/30),0) -> 27.251865
A110: =B110&D110 -> 410125598 | B110: 4101 | C110: =_xlfn.XLOOKUP(B:B,Master!A:A,Master!B:B) -> RPSPL-PC | D110: 25598 | E110: =B110&D110 -> 410125598 | F110: Rich's Cheese Flv WT 1 kg (2025) | G110: =VLOOKUP(D110,Master!C:G,4,) -> T&I | H110: =VLOOKUP(D110,Master!C:G,5,) -> T&I EX HP | I110: 9399.72 | J110: 1320 | K110: =IFERROR(J110/I110,0) -> 0.14042971 | L110: 0 | N110: 4548 | O110: 4548 | P110: =I110-J110-O110 -> 3531.72 | Q110: =IFERROR(IF(D110=20250,O110/(#REF!/30),O110/(I110/30)),0) -> 14.515326 | R110: =IFERROR(N110/(I110/30),0) -> 14.515326
A111: =B111&D111 -> 410406151 | B111: 4104 | C111: =_xlfn.XLOOKUP(B:B,Master!A:A,Master!B:B) -> RPSPL-RJ | D111: 06151 | E111: =B111&D111 -> 410406151 | F111: Rich's Double Dream | G111: =VLOOKUP(D111,Master!C:G,4,) -> DD | H111: =VLOOKUP(D111,Master!C:G,5,) -> OS - Dry | I111: 12999.96 | J111: 6840 | K111: =IFERROR(J111/I111,0) -> 0.52615547 | L111: 0 | N111: 10740 | O111: 10740 | P111: =I111-J111-O111 -> -4580.04 | Q111: =IFERROR(IF(D111=20250,O111/(#REF!/30),O111/(I111/30)),0) -> 24.784692 | R111: =IFERROR(N111/(I111/30),0) -> 24.784692
A112: =B112&D112 -> 410413490 | B112: 4104 | C112: =_xlfn.XLOOKUP(B:B,Master!A:A,Master!B:B) -> RPSPL-RJ | D112: 13490 | E112: =B112&D112 -> 410413490 | F112: Rich's Nugel Neutral Glaze 2.5 Kg IN | G112: =VLOOKUP(D112,Master!C:G,4,) -> NGL | H112: =VLOOKUP(D112,Master!C:G,5,) -> UF-Dry | I112: 900 | J112: 290 | K112: =IFERROR(J112/I112,0) -> 0.32222222 | L112: 0 | N112: 1510 | O112: 1510 | P112: =I112-J112-O112 -> -900 | Q112: =IFERROR(IF(D112=20250,O112/(#REF!/30),O112/(I112/30)),0) -> 50.333333 | R112: =IFERROR(N112/(I112/30),0) -> 50.333333
A113: =B113&D113 -> 410415300 | B113: 4104 | C113: =_xlfn.XLOOKUP(B:B,Master!A:A,Master!B:B) -> RPSPL-RJ | D113: 15300 | E113: =B113&D113 -> 410415300 | F113: Rich's Nugel Pineapple Glaze 1.0 Kg IN | G113: =VLOOKUP(D113,Master!C:G,4,) -> NGL | H113: =VLOOKUP(D113,Master!C:G,5,) -> UF-Dry | I113: 153 | J113: 18 | K113: =IFERROR(J113/I113,0) -> 0.11764706 | L113: 0 | N113: 198 | O113: 198 | P113: =I113-J113-O113 -> -63 | Q113: =IFERROR(IF(D113=20250,O113/(#REF!/30),O113/(I113/30)),0) -> 38.823529 | R113: =IFERROR(N113/(I113/30),0) -> 38.823529
A114: =B114&D114 -> 410419690 | B114: 4104 | C114: =_xlfn.XLOOKUP(B:B,Master!A:A,Master!B:B) -> RPSPL-RJ | D114: 19690 | E114: =B114&D114 -> 410419690 | F114: Rich's Nufill Blueberry FruitFilling 1Kg | G114: =VLOOKUP(D114,Master!C:G,4,) -> NFL | H114: =VLOOKUP(D114,Master!C:G,5,) -> OS - Dry | I114: 60 | J114: 24 | K114: =IFERROR(J114/I114,0) -> 0.4 | L114: 0 | N114: 132 | O114: 132 | P114: =I114-J114-O114 -> -96 | Q114: =IFERROR(IF(D114=20250,O114/(#REF!/30),O114/(I114/30)),0) -> 66 | R114: =IFERROR(N114/(I114/30),0) -> 66
A115: =B115&D115 -> 410420661 | B115: 4104 | C115: =_xlfn.XLOOKUP(B:B,Master!A:A,Master!B:B) -> RPSPL-RJ | D115: 20661 | E115: =B115&D115 -> 410420661 | F115: Rich’s Wilber Farms Dairy Cream 1ltr | G115: =VLOOKUP(D115,Master!C:G,4,) -> UHT-Chill | H115: =VLOOKUP(D115,Master!C:G,5,) -> OS-Chill | I115: 588 | J115: 168 | K115: =IFERROR(J115/I115,0) -> 0.28571429 | L115: 30 | N115: 108 | O115: 138 | P115: =I115-J115-O115 -> 282 | Q115: =IFERROR(IF(D115=20250,O115/(#REF!/30),O115/(I115/30)),0) -> 7.0408163 | R115: =IFERROR(N115/(I115/30),0) -> 5.5102041
A116: =B116&D116 -> 410423638 | B116: 4104 | C116: =_xlfn.XLOOKUP(B:B,Master!A:A,Master!B:B) -> RPSPL-RJ | D116: 23638 | E116: =B116&D116 -> 410423638 | F116: Rich's Versatie Gold- Cooking Base 1 ltr | G116: =VLOOKUP(D116,Master!C:G,4,) -> DD | H116: =VLOOKUP(D116,Master!C:G,5,) -> OS - Dry | I116: 12000 | J116: 7920 | K116: =IFERROR(J116/I116,0) -> 0.66 | L116: 0 | N116: 2904 | O116: 2904 | P116: =I116-J116-O116 -> 1176 | Q116: =IFERROR(IF(D116=20250,O116/(#REF!/30),O116/(I116/30)),0) -> 7.26 | R116: =IFERROR(N116/(I116/30),0) -> 7.26
A117: =B117&D117 -> 410425885 | B117: 4104 | C117: =_xlfn.XLOOKUP(B:B,Master!A:A,Master!B:B) -> RPSPL-RJ | D117: 25885 | E117: =B117&D117 -> 410425885 | F117: RWT Dairy Flavoured 1 Kg | G117: =VLOOKUP(D117,Master!C:G,4,) -> T&I | H117: =VLOOKUP(D117,Master!C:G,5,) -> T&I EX UF | I117: 180 | J117: 0 | K117: =IFERROR(J117/I117,0) -> 0 | L117: 0 | N117: 1200 | O117: 1200 | P117: =I117-J117-O117 -> -1020 | Q117: =IFERROR(IF(D117=20250,O117/(#REF!/30),O117/(I117/30)),0) -> 200 | R117: =IFERROR(N117/(I117/30),0) -> 200
A118: =B118&D118 -> 410426193 | B118: 4104 | C118: =_xlfn.XLOOKUP(B:B,Master!A:A,Master!B:B) -> RPSPL-RJ | D118: 26193 | E118: =B118&D118 -> 410426193 | F118: Rich's dairy Truffle Base | G118: =VLOOKUP(D118,Master!C:G,4,) -> DD | H118: =VLOOKUP(D118,Master!C:G,5,) -> OS - Dry | I118: 0 | J118: 720 | K118: =IFERROR(J118/I118,0) -> 0 | L118: 0 | N118: 0 | O118: 0 | P118: =I118-J118-O118 -> -720 | Q118: =IFERROR(IF(D118=20250,O118/(#REF!/30),O118/(I118/30)),0) -> 0 | R118: =IFERROR(N118/(I118/30),0) -> 0
A119: =B119&D119 -> 410404145 | B119: 4104 | C119: =_xlfn.XLOOKUP(B:B,Master!A:A,Master!B:B) -> RPSPL-RJ | D119: 04145 | E119: =B119&D119 -> 410404145 | F119: Rich's Nugel Caramel (1 Kg) | G119: =VLOOKUP(D119,Master!C:G,4,) -> NGL | H119: =VLOOKUP(D119,Master!C:G,5,) -> UF-Dry | I119: 27 | J119: 27 | K119: =IFERROR(J119/I119,0) -> 1 | L119: 0 | N119: 45 | O119: 45 | P119: =I119-J119-O119 -> -45 | Q119: =IFERROR(IF(D119=20250,O119/(#REF!/30),O119/(I119/30)),0) -> 50 | R119: =IFERROR(N119/(I119/30),0) -> 50
A120: =B120&D120 -> 410414248 | B120: 4104 | C120: =_xlfn.XLOOKUP(B:B,Master!A:A,Master!B:B) -> RPSPL-RJ | D120: 14248 | E120: =B120&D120 -> 410414248 | F120: Rich's Nugel Cocoa Glaze 2.5 Kg (India) | G120: =VLOOKUP(D120,Master!C:G,4,) -> NGL | H120: =VLOOKUP(D120,Master!C:G,5,) -> UF-Dry | I120: 380 | J120: 300 | K120: =IFERROR(J120/I120,0) -> 0.78947368 | L120: 0 | N120: 0 | O120: 0 | P120: =I120-J120-O120 -> 80 | Q120: =IFERROR(IF(D120=20250,O120/(#REF!/30),O120/(I120/30)),0) -> 0 | R120: =IFERROR(N120/(I120/30),0) -> 0
A121: =B121&D121 -> 410415305 | B121: 4104 | C121: =_xlfn.XLOOKUP(B:B,Master!A:A,Master!B:B) -> RPSPL-RJ | D121: 15305 | E121: =B121&D121 -> 410415305 | F121: Rich's Nugel Strawberry Glaze 1.0 Kg IN | G121: =VLOOKUP(D121,Master!C:G,4,) -> NGL | H121: =VLOOKUP(D121,Master!C:G,5,) -> UF-Dry | I121: 81 | J121: 36 | K121: =IFERROR(J121/I121,0) -> 0.44444444 | L121: 0 | N121: 126 | O121: 126 | P121: =I121-J121-O121 -> -81 | Q121: =IFERROR(IF(D121=20250,O121/(#REF!/30),O121/(I121/30)),0) -> 46.666667 | R121: =IFERROR(N121/(I121/30),0) -> 46.666667
... A145: =B145&D145 -> 410425598 | B145: 4104 | C145: =_xlfn.XLOOKUP(B:B,Master!A:A,Master!B:B) -> RPSPL-RJ | D145: 25598 | E145: =B145&D145 -> 410425598 | F145: Rich's Cheese Flv WT 1 kg (2025) | G145: =VLOOKUP(D145,Master!C:G,4,) -> T&I | H145: =VLOOKUP(D145,Master!C:G,5,) -> T&I EX HP | I145: 36 | J145: 12 | K145: =IFERROR(J145/I145,0) -> 0.33333333 | L145: 0 | N145: 336 | O145: 336 | P145: =I145-J145-O145 -> -312 | Q145: =IFERROR(IF(D145=20250,O145/(#REF!/30),O145/(I145/30)),0) -> 280 | R145: =IFERROR(N145/(I145/30),0) -> 280
A146: =B146&D146 -> 410506151 | B146: 4105 | C146: =_xlfn.XLOOKUP(B:B,Master!A:A,Master!B:B) -> RPSPL-NG | D146: 06151 | E146: =B146&D146 -> 410506151 | F146: Rich's Double Dream | G146: =VLOOKUP(D146,Master!C:G,4,) -> DD | H146: =VLOOKUP(D146,Master!C:G,5,) -> OS - Dry | I146: 10295.64 | J146: 5772 | K146: =IFERROR(J146/I146,0) -> 0.56062566 | L146: 1500 | M146: 46160 | N146: 10188 | O146: 11688 | P146: =I146-J146-O146 -> -7164.36 | Q146: =IFERROR(IF(D146=20250,O146/(#REF!/30),O146/(I146/30)),0) -> 34.057135 | R146: =IFERROR(N146/(I146/30),0) -> 29.686353
A147: =B147&D147 -> 410513490 | B147: 4105 | C147: =_xlfn.XLOOKUP(B:B,Master!A:A,Master!B:B) -> RPSPL-NG | D147: 13490 | E147: =B147&D147 -> 410513490 | F147: Rich's Nugel Neutral Glaze 2.5 Kg IN | G147: =VLOOKUP(D147,Master!C:G,4,) -> NGL | H147: =VLOOKUP(D147,Master!C:G,5,) -> UF-Dry | I147: 2152.7 | J147: 1350 | K147: =IFERROR(J147/I147,0) -> 0.62711943 | L147: 0 | N147: 2370 | O147: 2370 | P147: =I147-J147-O147 -> -1567.3 | Q147: =IFERROR(IF(D147=20250,O147/(#REF!/30),O147/(I147/30)),0) -> 33.02829 | R147: =IFERROR(N147/(I147/30),0) -> 33.02829
A148: =B148&D148 -> 410515300 | B148: 4105 | C148: =_xlfn.XLOOKUP(B:B,Master!A:A,Master!B:B) -> RPSPL-NG | D148: 15300 | E148: =B148&D148 -> 410515300 | F148: Rich's Nugel Pineapple Glaze 1.0 Kg IN | G148: =VLOOKUP(D148,Master!C:G,4,) -> NGL | H148: =VLOOKUP(D148,Master!C:G,5,) -> UF-Dry | I148: 207.81 | J148: 90 | K148: =IFERROR(J148/I148,0) -> 0.43308792 | L148: 0 | N148: 360 | O148: 360 | P148: =I148-J148-O148 -> -242.19 | Q148: =IFERROR(IF(D148=20250,O148/(#REF!/30),O148/(I148/30)),0) -> 51.97055 | R148: =IFERROR(N148/(I148/30),0) -> 51.97055
A149: =B149&D149 -> 410519690 | B149: 4105 | C149: =_xlfn.XLOOKUP(B:B,Master!A:A,Master!B:B) -> RPSPL-NG | D149: 19690 | E149: =B149&D149 -> 410519690 | F149: Rich's Nufill Blueberry FruitFilling 1Kg | G149: =VLOOKUP(D149,Master!C:G,4,) -> NFL | H149: =VLOOKUP(D149,Master!C:G,5,) -> OS - Dry | I149: 0 | J149: 36 | K149: =IFERROR(J149/I149,0) -> 0 | L149: 0 | N149: 144 | O149: 144 | P149: =I149-J149-O149 -> -180 | Q149: =IFERROR(IF(D149=20250,O149/(#REF!/30),O149/(I149/30)),0) -> 0 | R149: =IFERROR(N149/(I149/30),0) -> 0
A150: =B150&D150 -> 410520661 | B150: 4105 | C150: =_xlfn.XLOOKUP(B:B,Master!A:A,Master!B:B) -> RPSPL-NG | D150: 20661 | E150: =B150&D150 -> 410520661 | F150: Rich’s Wilber Farms Dairy Cream 1ltr | G150: =VLOOKUP(D150,Master!C:G,4,) -> UHT-Chill | H150: =VLOOKUP(D150,Master!C:G,5,) -> OS-Chill | I150: 1608.36 | J150: 1104 | K150: =IFERROR(J150/I150,0) -> 0.68641349 | L150: 0 | N150: 912 | O150: 912 | P150: =I150-J150-O150 -> -407.64 | Q150: =IFERROR(IF(D150=20250,O150/(#REF!/30),O150/(I150/30)),0) -> 17.011117 | R150: =IFERROR(N150/(I150/30),0) -> 17.011117
A151: =B151&D151 -> 410523638 | B151: 4105 | C151: =_xlfn.XLOOKUP(B:B,Master!A:A,Master!B:B) -> RPSPL-NG | D151: 23638 | E151: =B151&D151 -> 410523638 | F151: Rich's Versatie Gold- Cooking Base 1 ltr | G151: =VLOOKUP(D151,Master!C:G,4,) -> DD | H151: =VLOOKUP(D151,Master!C:G,5,) -> OS - Dry | I151: 3499.92 | J151: 324 | K151: =IFERROR(J151/I151,0) -> 0.092573545 | L151: 0 | N151: 0 | O151: 0 | P151: =I151-J151-O151 -> 3175.92 | Q151: =IFERROR(IF(D151=20250,O151/(#REF!/30),O151/(I151/30)),0) -> 0 | R151: =IFERROR(N151/(I151/30),0) -> 0
A152: =B152&D152 -> 410525885 | B152: 4105 | C152: =_xlfn.XLOOKUP(B:B,Master!A:A,Master!B:B) -> RPSPL-NG | D152: 25885 | E152: =B152&D152 -> 410525885 | F152: RWT Dairy Flavoured 1 Kg | G152: =VLOOKUP(D152,Master!C:G,4,) -> T&I | H152: =VLOOKUP(D152,Master!C:G,5,) -> T&I EX UF | I152: 2320.92 | J152: 528 | K152: =IFERROR(J152/I152,0) -> 0.22749599 | L152: 0 | N152: 2916 | O152: 2916 | P152: =I152-J152-O152 -> -1123.08 | Q152: =IFERROR(IF(D152=20250,O152/(#REF!/30),O152/(I152/30)),0) -> 37.69195 | R152: =IFERROR(N152/(I152/30),0) -> 37.69195
A153: =B153&D153 -> 410526744 | B153: 4105 | C153: =_xlfn.XLOOKUP(B:B,Master!A:A,Master!B:B) -> RPSPL-NG | D153: 26744 | E153: =B153&D153 -> 410526744 | F153: Rich's Nufill Red Cherry Fruit Filling 1 | G153: =VLOOKUP(D153,Master!C:G,4,) -> NFL | H153: =VLOOKUP(D153,Master!C:G,5,) -> PF MFG | I153: 0 | J153: 0 | K153: =IFERROR(J153/I153,0) -> 0 | L153: 0 | N153: 48 | O153: 48 | P153: =I153-J153-O153 -> -48 | Q153: =IFERROR(IF(D153=20250,O153/(#REF!/30),O153/(I153/30)),0) -> 0 | R153: =IFERROR(N153/(I153/30),0) -> 0
A154: =B154&D154 -> 410526745 | B154: 4105 | C154: =_xlfn.XLOOKUP(B:B,Master!A:A,Master!B:B) -> RPSPL-NG | D154: 26745 | E154: =B154&D154 -> 410526745 | F154: Rich's Nufill Pineaaple Fruit Filling 1k | G154: =VLOOKUP(D154,Master!C:G,4,) -> NFL | H154: =VLOOKUP(D154,Master!C:G,5,) -> PF MFG | I154: 0 | J154: 0 | K154: =IFERROR(J154/I154,0) -> 0 | L154: 0 | N154: 192 | O154: 192 | P154: =I154-J154-O154 -> -192 | Q154: =IFERROR(IF(D154=20250,O154/(#REF!/30),O154/(I154/30)),0) -> 0 | R154: =IFERROR(N154/(I154/30),0) -> 0
A155: =B155&D155 -> 410504145 | B155: 4105 | C155: =_xlfn.XLOOKUP(B:B,Master!A:A,Master!B:B) -> RPSPL-NG | D155: 04145 | E155: =B155&D155 -> 410504145 | F155: Rich's Nugel Caramel (1 Kg) | G155: =VLOOKUP(D155,Master!C:G,4,) -> NGL | H155: =VLOOKUP(D155,Master!C:G,5,) -> UF-Dry | I155: 240.48 | J155: 117 | K155: =IFERROR(J155/I155,0) -> 0.48652695 | L155: 0 | N155: 324 | O155: 324 | P155: =I155-J155-O155 -> -200.52 | Q155: =IFERROR(IF(D155=20250,O155/(#REF!/30),O155/(I155/30)),0) -> 40.419162 | R155: =IFERROR(N155/(I155/30),0) -> 40.419162
A156: =B156&D156 -> 410514248 | B156: 4105 | C156: =_xlfn.XLOOKUP(B:B,Master!A:A,Master!B:B) -> RPSPL-NG | D156: 14248 | E156: =B156&D156 -> 410514248 | F156: Rich's Nugel Cocoa Glaze 2.5 Kg (India) | G156: =VLOOKUP(D156,Master!C:G,4,) -> NGL | H156: =VLOOKUP(D156,Master!C:G,5,) -> UF-Dry | I156: 1076.8 | J156: 800 | K156: =IFERROR(J156/I156,0) -> 0.74294205 | L156: 0 | N156: 480 | O156: 480 | P156: =I156-J156-O156 -> -203.2 | Q156: =IFERROR(IF(D156=20250,O156/(#REF!/30),O156/(I156/30)),0) -> 13.372957 | R156: =IFERROR(N156/(I156/30),0) -> 13.372957
A157: =B157&D157 -> 410515305 | B157: 4105 | C157: =_xlfn.XLOOKUP(B:B,Master!A:A,Master!B:B) -> RPSPL-NG | D157: 15305 | E157: =B157&D157 -> 410515305 | F157: Rich's Nugel Strawberry Glaze 1.0 Kg IN | G157: =VLOOKUP(D157,Master!C:G,4,) -> NGL | H157: =VLOOKUP(D157,Master!C:G,5,) -> UF-Dry | I157: 73.17 | J157: 36 | K157: =IFERROR(J157/I157,0) -> 0.49200492 | L157: 0 | N157: 99 | O157: 99 | P157: =I157-J157-O157 -> -61.83 | Q157: =IFERROR(IF(D157=20250,O157/(#REF!/30),O157/(I157/30)),0) -> 40.590406 | R157: =IFERROR(N157/(I157/30),0) -> 40.590406
A158: =B158&D158 -> 410515312 | B158: 4105 | C158: =_xlfn.XLOOKUP(B:B,Master!A:A,Master!B:B) -> RPSPL-NG | D158: 15312 | E158: =B158&D158 -> 410515312 | F158: Rich's Nugel Blueberry Glaze 1.0 Kg IN | G158: =VLOOKUP(D158,Master!C:G,4,) -> NGL | H158: =VLOOKUP(D158,Master!C:G,5,) -> UF-Dry | I158: 16.74 | J158: 9 | K158: =IFERROR(J158/I158,0) -> 0.53763441 | L158: 0 | N158: 36 | O158: 36 | P158: =I158-J158-O158 -> -28.26 | Q158: =IFERROR(IF(D158=20250,O158/(#REF!/30),O158/(I158/30)),0) -> 64.516129 | R158: =IFERROR(N158/(I158/30),0) -> 64.516129
... A165: =B165&D165 -> 410506982 | B165: 4105 | C165: =_xlfn.XLOOKUP(B:B,Master!A:A,Master!B:B) -> RPSPL-NG | D165: 06982 | E165: =B165&D165 -> 410506982 | F165: Rich's Chocolate Whip Topping | G165: =VLOOKUP(D165,Master!C:G,4,) -> T&I | H165: =VLOOKUP(D165,Master!C:G,5,) -> T&I Comm-UF | I165: 8971.32 | J165: 4716 | K165: =IFERROR(J165/I165,0) -> 0.52567515 | L165: 0 | N165: 11364 | O165: 11364 | P165: =I165-J165-O165 -> -7108.68 | Q165: =IFERROR(IF(D165=20250,O165/(#REF!/30),O165/(I165/30)),0) -> 38.001097 | R165: =IFERROR(N165/(I165/30),0) -> 38.001097
...

Sheet Common T&I
E1: HP Comman | Q1: UF Comman
G3: 14 | H3: 6 | I3: 7 | J3: 12 | K3: 19 | L3: 16 | M3: 18 | N3: 21 | Q3: 4 | R3: 5 | S3: 8 | T3: 10 | U3: 11 | V3: 13 | W3: 15 | X3: 20 | Y3: 17 | AB3: Production Date | AC3: Production Date
D4: Material Code | E4: Material Description | F4: Source | G4: PBN | H4: DEL | I4: GT | J4: KOL | K4: KNP | L4: RJ | M4: PA | N4: Soni | O4: North Required | Q4: BNG | R4: CH | S4: GUJ | T4: HY | U4: KER | V4: MP | W4: PC | X4: KHA | Y4: NG | Z4: UF Required | AA4: Overall required | AB4: UF | AC4: HP
A5: =$AB$4&$D5 -> UF00189 | B5: =$AC$4&$D5 -> HP00189 | D5: 00189 | E5: Rich's New Star Whip 1 Kg | G5: =IFERROR(VLOOKUP($D5,'RF Pendency Pivot'!$A:$T,14,0),"") -> -893.4 | H5: =IFERROR(VLOOKUP($D5,'RF Pendency Pivot'!$A:$T,6,0),"") -> 0 | I5: =IFERROR(VLOOKUP($D5,'RF Pendency Pivot'!$A:$T,7,0),"") -> -14290.92 | J5: =IFERROR(VLOOKUP($D5,'RF Pendency Pivot'!$A:$T,12,0),"") -> 0 | K5: =IFERROR(VLOOKUP($D5,'RF Pendency Pivot'!$A:$T,19,0),"") -> -10200.96 | L5: =IFERROR(VLOOKUP($D5,'RF Pendency Pivot'!$A:$T,16,0),"") -> -6212.04 | M5: =IFERROR(VLOOKUP($D5,'RF Pendency Pivot'!$A:$T,18,0),"") -> -70.56 | N5: =IFERROR(VLOOKUP($D5,'RF Pendency Pivot'!$A:$U,21,0),"") -> -1256.04 | O5: =IF(G5<0,G5+SUMIF(G5:N5,">0"),SUMIF(G5:N5,">0")) -> -893.4 | Q5: =IFERROR(VLOOKUP($D5,'RF Pendency Pivot'!$A:$T,4,0),"") -> 13663.2 | R5: =IFERROR(VLOOKUP($D5,'RF Pendency Pivot'!$A:$T,5,0),"") -> -15716.04 | S5: =IFERROR(VLOOKUP($D5,'RF Pendency Pivot'!$A:$T,8,0),"") -> 2520.48 | T5: =IFERROR(VLOOKUP($D5,'RF Pendency Pivot'!$A:$T,10,0),"") -> 11456.04 | U5: =IFERROR(VLOOKUP($D5,'RF Pendency Pivot'!$A:$T,11,0),"") -> 14091.96 | V5: =IFERROR(VLOOKUP($D5,'RF Pendency Pivot'!$A:$T,13,0),"") -> -17594.64 | W5: =IFERROR(VLOOKUP($D5,'RF Pendency Pivot'!$A:$T,15,0),"") -> -8828.76 | X5: =IFERROR(VLOOKUP($D5,'RF Pendency Pivot'!$A:$T,20,0),"") -> 0 | Y5: =IFERROR(VLOOKUP($D5,'RF Pendency Pivot'!$A:$T,17,0),"") -> -3748.8 | Z5: =IF(W5<0,W5+SUMIF(Q5:Y5,">0"),SUMIF(Q5:Y5,">0")) -> 32902.92 | AA5: =O5+Z5 -> 32009.52 | AB5: =IFERROR(VLOOKUP($A5,#REF!,2,0),"") | AC5: =IFERROR(VLOOKUP($B5,#REF!,2,0),"")
A6: =$AB$4&$D6 -> UF07310 | B6: =$AC$4&$D6 -> HP07310 | D6: 07310 | E6: Rich's Cooking Rich Hot Kitchen Appl. | G6: =IFERROR(VLOOKUP($D6,'RF Pendency Pivot'!$A:$T,14,0),"") -> -73307.16 | H6: =IFERROR(VLOOKUP($D6,'RF Pendency Pivot'!$A:$T,6,0),"") -> 0 | I6: =IFERROR(VLOOKUP($D6,'RF Pendency Pivot'!$A:$T,7,0),"") -> -2489.64 | J6: =IFERROR(VLOOKUP($D6,'RF Pendency Pivot'!$A:$T,12,0),"") -> -15092.4 | K6: =IFERROR(VLOOKUP($D6,'RF Pendency Pivot'!$A:$T,19,0),"") -> -11014.8 | L6: =IFERROR(VLOOKUP($D6,'RF Pendency Pivot'!$A:$T,16,0),"") -> -19792.08 | M6: =IFERROR(VLOOKUP($D6,'RF Pendency Pivot'!$A:$T,18,0),"") -> -2316.24 | N6: =IFERROR(VLOOKUP($D6,'RF Pendency Pivot'!$A:$U,21,0),"") -> -33936 | O6: =IF(G6<0,G6+SUMIF(G6:N6,">0"),SUMIF(G6:N6,">0")) -> -73307.16 | Q6: =IFERROR(VLOOKUP($D6,'RF Pendency Pivot'!$A:$T,4,0),"") -> -32952 | R6: =IFERROR(VLOOKUP($D6,'RF Pendency Pivot'!$A:$T,5,0),"") -> -15032.64 | S6: =IFERROR(VLOOKUP($D6,'RF Pendency Pivot'!$A:$T,8,0),"") -> -17929.56 | T6: =IFERROR(VLOOKUP($D6,'RF Pendency Pivot'!$A:$T,10,0),"") -> -21795 | U6: =IFERROR(VLOOKUP($D6,'RF Pendency Pivot'!$A:$T,11,0),"") -> -19074.24 | V6: =IFERROR(VLOOKUP($D6,'RF Pendency Pivot'!$A:$T,13,0),"") -> -30022.8 | W6: =IFERROR(VLOOKUP($D6,'RF Pendency Pivot'!$A:$T,15,0),"") -> -26913 | X6: =IFERROR(VLOOKUP($D6,'RF Pendency Pivot'!$A:$T,20,0),"") -> 0 | Y6: =IFERROR(VLOOKUP($D6,'RF Pendency Pivot'!$A:$T,17,0),"") -> -14590.68 | Z6: =IF(W6<0,W6+SUMIF(Q6:Y6,">0"),SUMIF(Q6:Y6,">0")) -> -26913 | AA6: =O6+Z6 -> -100220.16 | AB6: =IFERROR(VLOOKUP($A6,#REF!,2,0),"") | AC6: =IFERROR(VLOOKUP($B6,#REF!,2,0),"")
A7: =$AB$4&$D7 -> UF16336 | B7: =$AC$4&$D7 -> HP16336 | D7: 16336 | E7: Sunwhip (India) 1 Kg | G7: =IFERROR(VLOOKUP($D7,'RF Pendency Pivot'!$A:$T,14,0),"") -> 447.12 | H7: =IFERROR(VLOOKUP($D7,'RF Pendency Pivot'!$A:$T,6,0),"") -> 0 | I7: =IFERROR(VLOOKUP($D7,'RF Pendency Pivot'!$A:$T,7,0),"") -> -6255.12 | J7: =IFERROR(VLOOKUP($D7,'RF Pendency Pivot'!$A:$T,12,0),"") -> -27810.72 | K7: =IFERROR(VLOOKUP($D7,'RF Pendency Pivot'!$A:$T,19,0),"") -> -18895.56 | L7: =IFERROR(VLOOKUP($D7,'RF Pendency Pivot'!$A:$T,16,0),"") -> -15248.04 | M7: =IFERROR(VLOOKUP($D7,'RF Pendency Pivot'!$A:$T,18,0),"") -> -8062.8 | N7: =IFERROR(VLOOKUP($D7,'RF Pendency Pivot'!$A:$U,21,0),"") -> -3120 | O7: =IF(G7<0,G7+SUMIF(G7:N7,">0"),SUMIF(G7:N7,">0")) -> 447.12 | Q7: =IFERROR(VLOOKUP($D7,'RF Pendency Pivot'!$A:$T,4,0),"") -> -36207.72 | R7: =IFERROR(VLOOKUP($D7,'RF Pendency Pivot'!$A:$T,5,0),"") -> -5017.32 | S7: =IFERROR(VLOOKUP($D7,'RF Pendency Pivot'!$A:$T,8,0),"") -> -16716.12 | T7: =IFERROR(VLOOKUP($D7,'RF Pendency Pivot'!$A:$T,10,0),"") -> -33542.76 | U7: =IFERROR(VLOOKUP($D7,'RF Pendency Pivot'!$A:$T,11,0),"") -> -20900.04 | V7: =IFERROR(VLOOKUP($D7,'RF Pendency Pivot'!$A:$T,13,0),"") -> -40515.48 | W7: =IFERROR(VLOOKUP($D7,'RF Pendency Pivot'!$A:$T,15,0),"") -> -37991.64 | X7: =IFERROR(VLOOKUP($D7,'RF Pendency Pivot'!$A:$T,20,0),"") -> 0 | Y7: =IFERROR(VLOOKUP($D7,'RF Pendency Pivot'!$A:$T,17,0),"") -> -33036.12 | Z7: =IF(W7<0,W7+SUMIF(Q7:Y7,">0"),SUMIF(Q7:Y7,">0")) -> -37991.64 | AA7: =O7+Z7 -> -37544.52 | AB7: =IFERROR(VLOOKUP($A7,#REF!,2,0),"") | AC7: =IFERROR(VLOOKUP($B7,#REF!,2,0),"")
D8: 14788 | E8: Rich’s Whip Topping-Gold 1 Kg | G8: =IFERROR(VLOOKUP($D8,'RF Pendency Pivot'!$A:$T,14,0),"") -> -4129.56 | H8: =IFERROR(VLOOKUP($D8,'RF Pendency Pivot'!$A:$T,6,0),"") -> 0 | I8: =IFERROR(VLOOKUP($D8,'RF Pendency Pivot'!$A:$T,7,0),"") -> -9168 | J8: =IFERROR(VLOOKUP($D8,'RF Pendency Pivot'!$A:$T,12,0),"") -> -1681.68 | K8: =IFERROR(VLOOKUP($D8,'RF Pendency Pivot'!$A:$T,19,0),"") -> 0 | L8: =IFERROR(VLOOKUP($D8,'RF Pendency Pivot'!$A:$T,16,0),"") -> 4515.96 | M8: =IFERROR(VLOOKUP($D8,'RF Pendency Pivot'!$A:$T,18,0),"") -> -6466.8 | N8: =IFERROR(VLOOKUP($D8,'RF Pendency Pivot'!$A:$U,21,0),"") -> -324 | O8: =IF(G8<0,G8+SUMIF(G8:N8,">0"),SUMIF(G8:N8,">0")) -> 386.4 | Q8: =IFERROR(VLOOKUP($D8,'RF Pendency Pivot'!$A:$T,4,0),"") -> -4152.48 | R8: =IFERROR(VLOOKUP($D8,'RF Pendency Pivot'!$A:$T,5,0),"") -> -1410.48 | S8: =IFERROR(VLOOKUP($D8,'RF Pendency Pivot'!$A:$T,8,0),"") -> 891.6 | T8: =IFERROR(VLOOKUP($D8,'RF Pendency Pivot'!$A:$T,10,0),"") -> -719.52 | U8: =IFERROR(VLOOKUP($D8,'RF Pendency Pivot'!$A:$T,11,0),"") -> -27092.04 | V8: =IFERROR(VLOOKUP($D8,'RF Pendency Pivot'!$A:$T,13,0),"") -> -4450.08 | W8: =IFERROR(VLOOKUP($D8,'RF Pendency Pivot'!$A:$T,15,0),"") -> -20747.16 | X8: =IFERROR(VLOOKUP($D8,'RF Pendency Pivot'!$A:$T,20,0),"") -> 0 | Y8: =IFERROR(VLOOKUP($D8,'RF Pendency Pivot'!$A:$T,17,0),"") -> -6007.32 | Z8: =IF(W8<0,W8+SUMIF(Q8:Y8,">0"),SUMIF(Q8:Y8,">0")) -> -19855.56 | AA8: =O8+Z8 -> -19469.16
D9: 14654 | E9: Rich's Bettercreme | G9: =IFERROR(VLOOKUP($D9,'RF Pendency Pivot'!$A:$T,14,0),"") -> -12846.48 | H9: =IFERROR(VLOOKUP($D9,'RF Pendency Pivot'!$A:$T,6,0),"") -> 0 | I9: =IFERROR(VLOOKUP($D9,'RF Pendency Pivot'!$A:$T,7,0),"") -> -907.92 | J9: =IFERROR(VLOOKUP($D9,'RF Pendency Pivot'!$A:$T,12,0),"") -> -1011.12 | K9: =IFERROR(VLOOKUP($D9,'RF Pendency Pivot'!$A:$T,19,0),"") -> 947.76 | L9: =IFERROR(VLOOKUP($D9,'RF Pendency Pivot'!$A:$T,16,0),"") -> -12 | M9: =IFERROR(VLOOKUP($D9,'RF Pendency Pivot'!$A:$T,18,0),"") -> -18.72 | N9: =IFERROR(VLOOKUP($D9,'RF Pendency Pivot'!$A:$U,21,0),"") -> 583.92 | O9: =IF(G9<0,G9+SUMIF(G9:N9,">0"),SUMIF(G9:N9,">0")) -> -11314.8 | Q9: =IFERROR(VLOOKUP($D9,'RF Pendency Pivot'!$A:$T,4,0),"") -> -635.88 | R9: =IFERROR(VLOOKUP($D9,'RF Pendency Pivot'!$A:$T,5,0),"") -> 118.68 | S9: =IFERROR(VLOOKUP($D9,'RF Pendency Pivot'!$A:$T,8,0),"") -> -0.12 | T9: =IFERROR(VLOOKUP($D9,'RF Pendency Pivot'!$A:$T,10,0),"") -> -58.32 | U9: =IFERROR(VLOOKUP($D9,'RF Pendency Pivot'!$A:$T,11,0),"") -> -2904.24 | V9: =IFERROR(VLOOKUP($D9,'RF Pendency Pivot'!$A:$T,13,0),"") -> -861.48 | W9: =IFERROR(VLOOKUP($D9,'RF Pendency Pivot'!$A:$T,15,0),"") -> -2589.96 | X9: =IFERROR(VLOOKUP($D9,'RF Pendency Pivot'!$A:$T,20,0),"") -> 0 | Y9: =IFERROR(VLOOKUP($D9,'RF Pendency Pivot'!$A:$T,17,0),"") -> -417.48 | Z9: =IF(W9<0,W9+SUMIF(Q9:Y9,">0"),SUMIF(Q9:Y9,">0")) -> -2471.28 | AA9: =O9+Z9 -> -13786.08
A11: =$AB$4&$D11 -> UF
A12: =$AB$4&$D12 -> UF | B12: =$AC$4&$D12 -> HP | AB12: Production Date | AC12: Production Date
A13: =$AB$4&$D13 -> UFMaterial Code | B13: =$AC$4&$D13 -> HPMaterial Code | D13: Material Code | E13: Material Description | F13: Source | G13: PBN | H13: DEL | I13: GT | J13: KOL | K13: KNP | L13: RJ | M13: PA | N13: Soni | O13: North Required | Q13: BNG | R13: CH | S13: GUJ | T13: HY | U13: KER | V13: MP | W13: PC | X13: KHA | Y13: NG | Z13: PF Required | AA13: Overall required | AB13: UF | AC13: HP
A14: =$AB$4&$D14 -> UF00189 | B14: =$AC$4&$D14 -> HP00189 | D14: 00189 | E14: Rich's New Star Whip 1 Kg | G14: =IFERROR(VLOOKUP($D14,'INV Days Pivot'!$A:$T,14,0),"") -> 15.850346 | H14: =IFERROR(VLOOKUP($D14,'INV Days Pivot'!$A:$T,6,0),"") -> 0 | I14: =IFERROR(VLOOKUP($D14,'INV Days Pivot'!$A:$T,7,0),"") -> 29.53974 | J14: =IFERROR(VLOOKUP($D14,'INV Days Pivot'!$A:$T,12,0),"") -> 9.57 | K14: =IFERROR(VLOOKUP($D14,'INV Days Pivot'!$A:$T,19,0),"") -> 20.714059 | L14: =IFERROR(VLOOKUP($D14,'INV Days Pivot'!$A:$T,16,0),"") -> 30.960108 | M14: =IFERROR(VLOOKUP($D14,'INV Days Pivot'!$A:$T,18,0),"") -> 15.089687 | N14: =IFERROR(VLOOKUP($D14,'INV Days Pivot'!$A:$U,21,0),"") -> 10.260012 | Q14: =IFERROR(VLOOKUP($D14,'INV Days Pivot'!$A:$T,4,0),"") -> 10.290835 | R14: =IFERROR(VLOOKUP($D14,'INV Days Pivot'!$A:$T,5,0),"") -> 25.093916 | S14: =IFERROR(VLOOKUP($D14,'INV Days Pivot'!$A:$T,8,0),"") -> 16.785468 | T14: =IFERROR(VLOOKUP($D14,'INV Days Pivot'!$A:$T,10,0),"") -> 8.6427633 | U14: =IFERROR(VLOOKUP($D14,'INV Days Pivot'!$A:$T,11,0),"") -> 4.2750043 | V14: =IFERROR(VLOOKUP($D14,'INV Days Pivot'!$A:$T,13,0),"") -> 4.4662588 | W14: =IFERROR(VLOOKUP($D14,'INV Days Pivot'!$A:$T,15,0),"") -> 14.78306 | X14: =IFERROR(VLOOKUP($D14,'INV Days Pivot'!$A:$T,20,0),"") -> 0 | Y14: =IFERROR(VLOOKUP($D14,'INV Days Pivot'!$A:$T,17,0),"") -> 13.025949 | AB14: =IFERROR(VLOOKUP($A14,#REF!,2,0),"") | AC14: =IFERROR(VLOOKUP($B14,#REF!,2,0),"")
A15: =$AB$4&$D15 -> UF07310 | B15: =$AC$4&$D15 -> HP07310 | D15: 07310 | E15: Rich's Cooking Rich Hot Kitchen Appl. | G15: =IFERROR(VLOOKUP($D15,'INV Days Pivot'!$A:$T,14,0),"") -> 45.236675 | H15: =IFERROR(VLOOKUP($D15,'INV Days Pivot'!$A:$T,6,0),"") -> 0 | I15: =IFERROR(VLOOKUP($D15,'INV Days Pivot'!$A:$T,7,0),"") -> 49.503566 | J15: =IFERROR(VLOOKUP($D15,'INV Days Pivot'!$A:$T,12,0),"") -> 31.481217 | K15: =IFERROR(VLOOKUP($D15,'INV Days Pivot'!$A:$T,19,0),"") -> 27.066075 | L15: =IFERROR(VLOOKUP($D15,'INV Days Pivot'!$A:$T,16,0),"") -> 39.024156 | M15: =IFERROR(VLOOKUP($D15,'INV Days Pivot'!$A:$T,18,0),"") -> 34.966665 | N15: =IFERROR(VLOOKUP($D15,'INV Days Pivot'!$A:$U,21,0),"") -> 18.410769 | Q15: =IFERROR(VLOOKUP($D15,'INV Days Pivot'!$A:$T,4,0),"") -> 25.819706 | R15: =IFERROR(VLOOKUP($D15,'INV Days Pivot'!$A:$T,5,0),"") -> 40.672002 | S15: =IFERROR(VLOOKUP($D15,'INV Days Pivot'!$A:$T,8,0),"") -> 24.098389 | T15: =IFERROR(VLOOKUP($D15,'INV Days Pivot'!$A:$T,10,0),"") -> 37.610928 | U15: =IFERROR(VLOOKUP($D15,'INV Days Pivot'!$A:$T,11,0),"") -> 46.177053 | V15: =IFERROR(VLOOKUP($D15,'INV Days Pivot'!$A:$T,13,0),"") -> 44.020332 | W15: =IFERROR(VLOOKUP($D15,'INV Days Pivot'!$A:$T,15,0),"") -> 18.872088 | X15: =IFERROR(VLOOKUP($D15,'INV Days Pivot'!$A:$T,20,0),"") -> 0 | Y15: =IFERROR(VLOOKUP($D15,'INV Days Pivot'!$A:$T,17,0),"") -> 47.712923 | AB15: =IFERROR(VLOOKUP($A15,#REF!,2,0),"") | AC15: =IFERROR(VLOOKUP($B15,#REF!,2,0),"")
A16: =$AB$4&$D16 -> UF16336 | B16: =$AC$4&$D16 -> HP16336 | D16: 16336 | E16: Sunwhip (India) 1 Kg | G16: =IFERROR(VLOOKUP($D16,'INV Days Pivot'!$A:$T,14,0),"") -> 8.6804141 | H16: =IFERROR(VLOOKUP($D16,'INV Days Pivot'!$A:$T,6,0),"") -> 0 | I16: =IFERROR(VLOOKUP($D16,'INV Days Pivot'!$A:$T,7,0),"") -> 37.243253 | J16: =IFERROR(VLOOKUP($D16,'INV Days Pivot'!$A:$T,12,0),"") -> 27.921991 | K16: =IFERROR(VLOOKUP($D16,'INV Days Pivot'!$A:$T,19,0),"") -> 19.362139 | L16: =IFERROR(VLOOKUP($D16,'INV Days Pivot'!$A:$T,16,0),"") -> 26.847027 | M16: =IFERROR(VLOOKUP($D16,'INV Days Pivot'!$A:$T,18,0),"") -> 13.714331 | N16: =IFERROR(VLOOKUP($D16,'INV Days Pivot'!$A:$U,21,0),"") -> 12.310345 | Q16: =IFERROR(VLOOKUP($D16,'INV Days Pivot'!$A:$T,4,0),"") -> 24.491938 | R16: =IFERROR(VLOOKUP($D16,'INV Days Pivot'!$A:$T,5,0),"") -> 21.391306 | S16: =IFERROR(VLOOKUP($D16,'INV Days Pivot'!$A:$T,8,0),"") -> 24.149009 | T16: =IFERROR(VLOOKUP($D16,'INV Days Pivot'!$A:$T,10,0),"") -> 61.110865 | U16: =IFERROR(VLOOKUP($D16,'INV Days Pivot'!$A:$T,11,0),"") -> 29.635757 | V16: =IFERROR(VLOOKUP($D16,'INV Days Pivot'!$A:$T,13,0),"") -> 96.965925 | W16: =IFERROR(VLOOKUP($D16,'INV Days Pivot'!$A:$T,15,0),"") -> 16.171572 | X16: =IFERROR(VLOOKUP($D16,'INV Days Pivot'!$A:$T,20,0),"") -> 0 | Y16: =IFERROR(VLOOKUP($D16,'INV Days Pivot'!$A:$T,17,0),"") -> 29.67816 | AB16: =IFERROR(VLOOKUP($A16,#REF!,2,0),"") | AC16: =IFERROR(VLOOKUP($B16,#REF!,2,0),"")
D17: 14788 | E17: Rich’s Whip Topping-Gold 1 Kg | G17: =IFERROR(VLOOKUP($D17,'INV Days Pivot'!$A:$T,14,0),"") -> 28.468991 | H17: =IFERROR(VLOOKUP($D17,'INV Days Pivot'!$A:$T,6,0),"") -> 0 | I17: =IFERROR(VLOOKUP($D17,'INV Days Pivot'!$A:$T,7,0),"") -> 34.426667 | J17: =IFERROR(VLOOKUP($D17,'INV Days Pivot'!$A:$T,12,0),"") -> 15.152968 | K17: =IFERROR(VLOOKUP($D17,'INV Days Pivot'!$A:$T,19,0),"") -> 0 | L17: =IFERROR(VLOOKUP($D17,'INV Days Pivot'!$A:$T,16,0),"") -> 15.57821 | M17: =IFERROR(VLOOKUP($D17,'INV Days Pivot'!$A:$T,18,0),"") -> 25.747854 | N17: =IFERROR(VLOOKUP($D17,'INV Days Pivot'!$A:$U,21,0),"") -> 50.25 | Q17: =IFERROR(VLOOKUP($D17,'INV Days Pivot'!$A:$T,4,0),"") -> 21.264968 | R17: =IFERROR(VLOOKUP($D17,'INV Days Pivot'!$A:$T,5,0),"") -> 23.401815 | S17: =IFERROR(VLOOKUP($D17,'INV Days Pivot'!$A:$T,8,0),"") -> 16.411422 | T17: =IFERROR(VLOOKUP($D17,'INV Days Pivot'!$A:$T,10,0),"") -> 56.462358 | U17: =IFERROR(VLOOKUP($D17,'INV Days Pivot'!$A:$T,11,0),"") -> 26.397837 | V17: =IFERROR(VLOOKUP($D17,'INV Days Pivot'!$A:$T,13,0),"") -> 29.992662 | W17: =IFERROR(VLOOKUP($D17,'INV Days Pivot'!$A:$T,15,0),"") -> 23.526917 | X17: =IFERROR(VLOOKUP($D17,'INV Days Pivot'!$A:$T,20,0),"") -> 0 | Y17: =IFERROR(VLOOKUP($D17,'INV Days Pivot'!$A:$T,17,0),"") -> 20.797154
D18: 14654 | E18: Rich's Bettercreme | G18: =IFERROR(VLOOKUP($D18,'INV Days Pivot'!$A:$T,14,0),"") -> 39.04776 | H18: =IFERROR(VLOOKUP($D18,'INV Days Pivot'!$A:$T,6,0),"") -> 0 | I18: =IFERROR(VLOOKUP($D18,'INV Days Pivot'!$A:$T,7,0),"") -> 19.764647 | J18: =IFERROR(VLOOKUP($D18,'INV Days Pivot'!$A:$T,12,0),"") -> 27.892479 | K18: =IFERROR(VLOOKUP($D18,'INV Days Pivot'!$A:$T,19,0),"") -> 5.9443331 | L18: =IFERROR(VLOOKUP($D18,'INV Days Pivot'!$A:$T,16,0),"") -> 17.88 | M18: =IFERROR(VLOOKUP($D18,'INV Days Pivot'!$A:$T,18,0),"") -> 27.420257 | N18: =IFERROR(VLOOKUP($D18,'INV Days Pivot'!$A:$U,21,0),"") -> 11.567289 | Q18: =IFERROR(VLOOKUP($D18,'INV Days Pivot'!$A:$T,4,0),"") -> 11.224644 | R18: =IFERROR(VLOOKUP($D18,'INV Days Pivot'!$A:$T,5,0),"") -> 7.5724606 | S18: =IFERROR(VLOOKUP($D18,'INV Days Pivot'!$A:$T,8,0),"") -> 16.262779 | T18: =IFERROR(VLOOKUP($D18,'INV Days Pivot'!$A:$T,10,0),"") -> 11.84196 | U18: =IFERROR(VLOOKUP($D18,'INV Days Pivot'!$A:$T,11,0),"") -> 36.540396 | V18: =IFERROR(VLOOKUP($D18,'INV Days Pivot'!$A:$T,13,0),"") -> 25.461807 | W18: =IFERROR(VLOOKUP($D18,'INV Days Pivot'!$A:$T,15,0),"") -> 20.303636 | X18: =IFERROR(VLOOKUP($D18,'INV Days Pivot'!$A:$T,20,0),"") -> 0 | Y18: =IFERROR(VLOOKUP($D18,'INV Days Pivot'!$A:$T,17,0),"") -> 23.750089
D30: 16336 | E30: Sunwhip (India) 1 Kg | H30: Ujjain
D31: 07310 | E31: Rich's Cooking Rich Hot Kitchen Appl. | H31: Ujjain

Sheet HP Ex T&I
H3: 14 | I3: 6 | J3: 7 | K3: 12 | L3: 19 | M3: 16 | N3: 18 | O3: 21 | R3: 4 | S3: 5 | T3: 8 | U3: 10 | V3: 11 | W3: 13 | X3: 15 | Y3: 20 | Z3: 17 | AC3: Production Date | AD3: Production Date
B4: K | C4: KK | E4: Material Code | F4: Material Description | G4: Source | H4: PBN | I4: DEL | J4: GT | K4: KOL | L4: KNP | M4: RJ | N4: PA | O4: Soni | P4: North Required | R4: BNG | S4: CH | T4: GUJ | U4: HY | V4: KER | W4: MP | X4: PC | Y4: KHA | Z4: NG | AA4: PF Required | AB4: Overall required | AC4: PF | AD4: HP | AF4: Remarks
B5: =$AC$4&$E5 -> PF01296 | C5: =$AD$4&$E5 -> HP01296 | E5: 01296 | F5: Rich’s Cremagic - 2 Kg | G5: T&I EX HP | H5: =IFERROR(VLOOKUP($E5,'RF Pendency Pivot'!$A:$U,14,0),"") -> -711.36 | I5: =IFERROR(VLOOKUP($E5,'RF Pendency Pivot'!$A:$U,6,0),"") -> 0 | J5: =IFERROR(VLOOKUP($E5,'RF Pendency Pivot'!$A:$U,7,0),"") -> -253.32 | K5: =IFERROR(VLOOKUP($E5,'RF Pendency Pivot'!$A:$U,12,0),"") -> -3005.76 | L5: =IFERROR(VLOOKUP($E5,'RF Pendency Pivot'!$A:$U,19,0),"") -> -1351.92 | M5: =IFERROR(VLOOKUP($E5,'RF Pendency Pivot'!$A:$U,16,0),"") -> -840 | N5: =IFERROR(VLOOKUP($E5,'RF Pendency Pivot'!$A:$U,18,0),"") -> -5.04 | O5: =IFERROR(VLOOKUP($E5,'RF Pendency Pivot'!$A:$U,21,0),"") -> -816 | P5: =IF(H5<0,H5+SUMIF(H5:O5,">0"),SUMIF(H5:O5,">0")) -> -711.36 | R5: =IFERROR(VLOOKUP($E5,'RF Pendency Pivot'!$A:$U,4,0),"") -> -1051.32 | S5: =IFERROR(VLOOKUP($E5,'RF Pendency Pivot'!$A:$U,5,0),"") -> -704.52 | T5: =IFERROR(VLOOKUP($E5,'RF Pendency Pivot'!$A:$U,8,0),"") -> -392.64 | U5: =IFERROR(VLOOKUP($E5,'RF Pendency Pivot'!$A:$U,10,0),"") -> -918.12 | V5: =IFERROR(VLOOKUP($E5,'RF Pendency Pivot'!$A:$U,11,0),"") -> -2876.04 | W5: =IFERROR(VLOOKUP($E5,'RF Pendency Pivot'!$A:$U,13,0),"") -> -1317.12 | X5: =IFERROR(VLOOKUP($E5,'RF Pendency Pivot'!$A:$U,15,0),"") -> -4966.8 | Y5: =IFERROR(VLOOKUP($E5,'RF Pendency Pivot'!$A:$U,20,0),"") -> 0 | Z5: =IFERROR(VLOOKUP($E5,'RF Pendency Pivot'!$A:$U,17,0),"") -> -1965 | AA5: =IF(X5<0,X5+SUMIF(R5:Z5,">0"),SUMIF(R5:Z5,">0")) -> -4966.8 | AB5: =P5+AA5 -> -5678.16 | AC5: =IFERROR(VLOOKUP(B5,#REF!,2,0),"") | AD5: =IFERROR(VLOOKUP(C5,#REF!,2,0),"")
B6: =$AC$4&$E6 -> PF02122 | C6: =$AD$4&$E6 -> HP02122 | E6: 02122 | F6: Rich's Dairy Free Whip Topping - 2 Kg | G6: T&I EX HP | H6: =IFERROR(VLOOKUP($E6,'RF Pendency Pivot'!$A:$U,14,0),"") -> -110868 | I6: =IFERROR(VLOOKUP($E6,'RF Pendency Pivot'!$A:$U,6,0),"") -> 0 | J6: =IFERROR(VLOOKUP($E6,'RF Pendency Pivot'!$A:$U,7,0),"") -> -1263.96 | K6: =IFERROR(VLOOKUP($E6,'RF Pendency Pivot'!$A:$U,12,0),"") -> -1063.8 | L6: =IFERROR(VLOOKUP($E6,'RF Pendency Pivot'!$A:$U,19,0),"") -> -3088.92 | M6: =IFERROR(VLOOKUP($E6,'RF Pendency Pivot'!$A:$U,16,0),"") -> -3132 | N6: =IFERROR(VLOOKUP($E6,'RF Pendency Pivot'!$A:$U,18,0),"") -> -210.72 | O6: =IFERROR(VLOOKUP($E6,'RF Pendency Pivot'!$A:$U,21,0),"") -> -11096.04 | P6: =IF(H6<0,H6+SUMIF(H6:O6,">0"),SUMIF(H6:O6,">0")) -> -110868 | R6: =IFERROR(VLOOKUP($E6,'RF Pendency Pivot'!$A:$U,4,0),"") -> -32178.96 | S6: =IFERROR(VLOOKUP($E6,'RF Pendency Pivot'!$A:$U,5,0),"") -> -5392.8 | T6: =IFERROR(VLOOKUP($E6,'RF Pendency Pivot'!$A:$U,8,0),"") -> -8620.68 | U6: =IFERROR(VLOOKUP($E6,'RF Pendency Pivot'!$A:$U,10,0),"") -> -2409.96 | V6: =IFERROR(VLOOKUP($E6,'RF Pendency Pivot'!$A:$U,11,0),"") -> -4368 | W6: =IFERROR(VLOOKUP($E6,'RF Pendency Pivot'!$A:$U,13,0),"") -> -2501.16 | X6: =IFERROR(VLOOKUP($E6,'RF Pendency Pivot'!$A:$U,15,0),"") -> -16238.28 | Y6: =IFERROR(VLOOKUP($E6,'RF Pendency Pivot'!$A:$U,20,0),"") -> 0 | Z6: =IFERROR(VLOOKUP($E6,'RF Pendency Pivot'!$A:$U,17,0),"") -> -2682.12 | AA6: =IF(X6<0,X6+SUMIF(R6:Z6,">0"),SUMIF(R6:Z6,">0")) -> -16238.28 | AB6: =P6+AA6 -> -127106.28 | AC6: =IFERROR(VLOOKUP(B6,#REF!,2,0),"") | AD6: =IFERROR(VLOOKUP(C6,#REF!,2,0),"")
B7: =$AC$4&$E7 -> PF05159 | C7: =$AD$4&$E7 -> HP05159 | E7: 05159 | F7: Rich's Whip Topping-Gold 500 G (India) | G7: T&I EX HP | H7: =IFERROR(VLOOKUP($E7,'RF Pendency Pivot'!$A:$U,14,0),"") -> -15036 | I7: =IFERROR(VLOOKUP($E7,'RF Pendency Pivot'!$A:$U,6,0),"") -> 0 | J7: =IFERROR(VLOOKUP($E7,'RF Pendency Pivot'!$A:$U,7,0),"") -> 1125.12 | K7: =IFERROR(VLOOKUP($E7,'RF Pendency Pivot'!$A:$U,12,0),"") -> -480 | L7: =IFERROR(VLOOKUP($E7,'RF Pendency Pivot'!$A:$U,19,0),"") -> 0 | M7: =IFERROR(VLOOKUP($E7,'RF Pendency Pivot'!$A:$U,16,0),"") -> -24 | N7: =IFERROR(VLOOKUP($E7,'RF Pendency Pivot'!$A:$U,18,0),"") -> 0 | O7: =IFERROR(VLOOKUP($E7,'RF Pendency Pivot'!$A:$U,21,0),"") -> 0 | P7: =IF(H7<0,H7+SUMIF(H7:O7,">0"),SUMIF(H7:O7,">0")) -> -13910.88 | R7: =IFERROR(VLOOKUP($E7,'RF Pendency Pivot'!$A:$U,4,0),"") -> 82.56 | S7: =IFERROR(VLOOKUP($E7,'RF Pendency Pivot'!$A:$U,5,0),"") -> -65.76 | T7: =IFERROR(VLOOKUP($E7,'RF Pendency Pivot'!$A:$U,8,0),"") -> -467.28 | U7: =IFERROR(VLOOKUP($E7,'RF Pendency Pivot'!$A:$U,10,0),"") -> -28.56 | V7: =IFERROR(VLOOKUP($E7,'RF Pendency Pivot'!$A:$U,11,0),"") -> -2784 | W7: =IFERROR(VLOOKUP($E7,'RF Pendency Pivot'!$A:$U,13,0),"") -> 0 | X7: =IFERROR(VLOOKUP($E7,'RF Pendency Pivot'!$A:$U,15,0),"") -> -76.92 | Y7: =IFERROR(VLOOKUP($E7,'RF Pendency Pivot'!$A:$U,20,0),"") -> 0 | Z7: =IFERROR(VLOOKUP($E7,'RF Pendency Pivot'!$A:$U,17,0),"") -> -1.44 | AA7: =IF(X7<0,X7+SUMIF(R7:Z7,">0"),SUMIF(R7:Z7,">0")) -> 5.64 | AB7: =P7+AA7 -> -13905.24 | AC7: =IFERROR(VLOOKUP(B7,#REF!,2,0),"") | AD7: =IFERROR(VLOOKUP(C7,#REF!,2,0),"")
B8: =$AC$4&$E8 -> PF08529 | C8: =$AD$4&$E8 -> HP08529 | E8: 08529 | F8: Rich's Truffle Base | G8: T&I EX HP | H8: =IFERROR(VLOOKUP($E8,'RF Pendency Pivot'!$A:$U,14,0),"") -> -13201.44 | I8: =IFERROR(VLOOKUP($E8,'RF Pendency Pivot'!$A:$U,6,0),"") -> 0 | J8: =IFERROR(VLOOKUP($E8,'RF Pendency Pivot'!$A:$U,7,0),"") -> -2338.32 | K8: =IFERROR(VLOOKUP($E8,'RF Pendency Pivot'!$A:$U,12,0),"") -> -5307.48 | L8: =IFERROR(VLOOKUP($E8,'RF Pendency Pivot'!$A:$U,19,0),"") -> -3725.76 | M8: =IFERROR(VLOOKUP($E8,'RF Pendency Pivot'!$A:$U,16,0),"") -> -2964 | N8: =IFERROR(VLOOKUP($E8,'RF Pendency Pivot'!$A:$U,18,0),"") -> -5076 | O8: =IFERROR(VLOOKUP($E8,'RF Pendency Pivot'!$A:$U,21,0),"") -> -4216.08 | P8: =IF(H8<0,H8+SUMIF(H8:O8,">0"),SUMIF(H8:O8,">0")) -> -13201.44 | R8: =IFERROR(VLOOKUP($E8,'RF Pendency Pivot'!$A:$U,4,0),"") -> -15342.12 | S8: =IFERROR(VLOOKUP($E8,'RF Pendency Pivot'!$A:$U,5,0),"") -> -7022.76 | T8: =IFERROR(VLOOKUP($E8,'RF Pendency Pivot'!$A:$U,8,0),"") -> -5992.44 | U8: =IFERROR(VLOOKUP($E8,'RF Pendency Pivot'!$A:$U,10,0),"") -> -5372.76 | V8: =IFERROR(VLOOKUP($E8,'RF Pendency Pivot'!$A:$U,11,0),"") -> -648 | W8: =IFERROR(VLOOKUP($E8,'RF Pendency Pivot'!$A:$U,13,0),"") -> -5410.32 | X8: =IFERROR(VLOOKUP($E8,'RF Pendency Pivot'!$A:$U,15,0),"") -> -17130.72 | Y8: =IFERROR(VLOOKUP($E8,'RF Pendency Pivot'!$A:$U,20,0),"") -> 0 | Z8: =IFERROR(VLOOKUP($E8,'RF Pendency Pivot'!$A:$U,17,0),"") -> -6760.44 | AA8: =IF(X8<0,X8+SUMIF(R8:Z8,">0"),SUMIF(R8:Z8,">0")) -> -17130.72 | AB8: =P8+AA8 -> -30332.16 | AC8: =IFERROR(VLOOKUP(B8,#REF!,2,0),"") | AD8: =IFERROR(VLOOKUP(C8,#REF!,2,0),"")
E9: 13179 | F9: Rich’s Whip Topping Gold (India) | G9: T&I EX HP | H9: =IFERROR(VLOOKUP($E9,'RF Pendency Pivot'!$A:$U,14,0),"") -> -87224.04 | I9: =IFERROR(VLOOKUP($E9,'RF Pendency Pivot'!$A:$U,6,0),"") -> 0 | J9: =IFERROR(VLOOKUP($E9,'RF Pendency Pivot'!$A:$U,7,0),"") -> 0 | K9: =IFERROR(VLOOKUP($E9,'RF Pendency Pivot'!$A:$U,12,0),"") -> -60 | L9: =IFERROR(VLOOKUP($E9,'RF Pendency Pivot'!$A:$U,19,0),"") -> -21334.2 | M9: =IFERROR(VLOOKUP($E9,'RF Pendency Pivot'!$A:$U,16,0),"") -> -4560 | N9: =IFERROR(VLOOKUP($E9,'RF Pendency Pivot'!$A:$U,18,0),"") -> 0 | O9: =IFERROR(VLOOKUP($E9,'RF Pendency Pivot'!$A:$U,21,0),"") -> -5156.04 | P9: =IF(H9<0,H9+SUMIF(H9:O9,">0"),SUMIF(H9:O9,">0")) -> -87224.04 | R9: =IFERROR(VLOOKUP($E9,'RF Pendency Pivot'!$A:$U,4,0),"") -> -39369.36 | S9: =IFERROR(VLOOKUP($E9,'RF Pendency Pivot'!$A:$U,5,0),"") -> -10682.88 | T9: =IFERROR(VLOOKUP($E9,'RF Pendency Pivot'!$A:$U,8,0),"") -> -13057.8 | U9: =IFERROR(VLOOKUP($E9,'RF Pendency Pivot'!$A:$U,10,0),"") -> -2426.64 | V9: =IFERROR(VLOOKUP($E9,'RF Pendency Pivot'!$A:$U,11,0),"") -> -102488.04 | W9: =IFERROR(VLOOKUP($E9,'RF Pendency Pivot'!$A:$U,13,0),"") -> -7869.72 | X9: =IFERROR(VLOOKUP($E9,'RF Pendency Pivot'!$A:$U,15,0),"") -> -34595.52 | Y9: =IFERROR(VLOOKUP($E9,'RF Pendency Pivot'!$A:$U,20,0),"") -> 0 | Z9: =IFERROR(VLOOKUP($E9,'RF Pendency Pivot'!$A:$U,17,0),"") -> -9004.44 | AA9: =IF(X9<0,X9+SUMIF(R9:Z9,">0"),SUMIF(R9:Z9,">0")) -> -34595.52 | AB9: =P9+AA9 -> -121819.56
E10: 13678 | F10: Rich’s New Niagara Farms | G10: T&I EX HP | H10: =IFERROR(VLOOKUP($E10,'RF Pendency Pivot'!$A:$U,14,0),"") -> -6052.08 | I10: =IFERROR(VLOOKUP($E10,'RF Pendency Pivot'!$A:$U,6,0),"") -> 0 | J10: =IFERROR(VLOOKUP($E10,'RF Pendency Pivot'!$A:$U,7,0),"") -> -32.04 | K10: =IFERROR(VLOOKUP($E10,'RF Pendency Pivot'!$A:$U,12,0),"") -> -1207.56 | L10: =IFERROR(VLOOKUP($E10,'RF Pendency Pivot'!$A:$U,19,0),"") -> -4476 | M10: =IFERROR(VLOOKUP($E10,'RF Pendency Pivot'!$A:$U,16,0),"") -> -3016.08 | N10: =IFERROR(VLOOKUP($E10,'RF Pendency Pivot'!$A:$U,18,0),"") -> -122.04 | O10: =IFERROR(VLOOKUP($E10,'RF Pendency Pivot'!$A:$U,21,0),"") -> -1232.04 | P10: =IF(H10<0,H10+SUMIF(H10:O10,">0"),SUMIF(H10:O10,">0")) -> -6052.08 | R10: =IFERROR(VLOOKUP($E10,'RF Pendency Pivot'!$A:$U,4,0),"") -> -1569.24 | S10: =IFERROR(VLOOKUP($E10,'RF Pendency Pivot'!$A:$U,5,0),"") -> -1492.92 | T10: =IFERROR(VLOOKUP($E10,'RF Pendency Pivot'!$A:$U,8,0),"") -> -2771.88 | U10: =IFERROR(VLOOKUP($E10,'RF Pendency Pivot'!$A:$U,10,0),"") -> -4395.24 | V10: =IFERROR(VLOOKUP($E10,'RF Pendency Pivot'!$A:$U,11,0),"") -> -836.76 | W10: =IFERROR(VLOOKUP($E10,'RF Pendency Pivot'!$A:$U,13,0),"") -> -2633.64 | X10: =IFERROR(VLOOKUP($E10,'RF Pendency Pivot'!$A:$U,15,0),"") -> -3025.44 | Y10: =IFERROR(VLOOKUP($E10,'RF Pendency Pivot'!$A:$U,20,0),"") -> 0 | Z10: =IFERROR(VLOOKUP($E10,'RF Pendency Pivot'!$A:$U,17,0),"") -> -5066.64 | AA10: =IF(X10<0,X10+SUMIF(R10:Z10,">0"),SUMIF(R10:Z10,">0")) -> -3025.44 | AB10: =P10+AA10 -> -9077.52
B11: =$AC$4&$E11 -> PF15906 | C11: =$AD$4&$E11 -> HP15906 | E11: 15906 | F11: Rich’s Whip Topping (India) 1 Kg | G11: T&I EX HP | H11: =IFERROR(VLOOKUP($E11,'RF Pendency Pivot'!$A:$U,14,0),"") -> -12396 | I11: =IFERROR(VLOOKUP($E11,'RF Pendency Pivot'!$A:$U,6,0),"") -> 0 | J11: =IFERROR(VLOOKUP($E11,'RF Pendency Pivot'!$A:$U,7,0),"") -> 0 | K11: =IFERROR(VLOOKUP($E11,'RF Pendency Pivot'!$A:$U,12,0),"") -> -799.08 | L11: =IFERROR(VLOOKUP($E11,'RF Pendency Pivot'!$A:$U,19,0),"") -> -252 | M11: =IFERROR(VLOOKUP($E11,'RF Pendency Pivot'!$A:$U,16,0),"") -> -720 | N11: =IFERROR(VLOOKUP($E11,'RF Pendency Pivot'!$A:$U,18,0),"") -> 0 | O11: =IFERROR(VLOOKUP($E11,'RF Pendency Pivot'!$A:$U,21,0),"") -> -1296 | P11: =IF(H11<0,H11+SUMIF(H11:O11,">0"),SUMIF(H11:O11,">0")) -> -12396 | R11: =IFERROR(VLOOKUP($E11,'RF Pendency Pivot'!$A:$U,4,0),"") -> -15547.2 | S11: =IFERROR(VLOOKUP($E11,'RF Pendency Pivot'!$A:$U,5,0),"") -> -410.28 | T11: =IFERROR(VLOOKUP($E11,'RF Pendency Pivot'!$A:$U,8,0),"") -> -1693.2 | U11: =IFERROR(VLOOKUP($E11,'RF Pendency Pivot'!$A:$U,10,0),"") -> -114.72 | V11: =IFERROR(VLOOKUP($E11,'RF Pendency Pivot'!$A:$U,11,0),"") -> -58.68 | W11: =IFERROR(VLOOKUP($E11,'RF Pendency Pivot'!$A:$U,13,0),"") -> -480 | X11: =IFERROR(VLOOKUP($E11,'RF Pendency Pivot'!$A:$U,15,0),"") -> -2119.92 | Y11: =IFERROR(VLOOKUP($E11,'RF Pendency Pivot'!$A:$U,20,0),"") -> 0 | Z11: =IFERROR(VLOOKUP($E11,'RF Pendency Pivot'!$A:$U,17,0),"") -> -3012.12 | AA11: =IF(X11<0,X11+SUMIF(R11:Z11,">0"),SUMIF(R11:Z11,">0")) -> -2119.92 | AB11: =P11+AA11 -> -14515.92 | AC11: =IFERROR(VLOOKUP(B11,#REF!,2,0),"") | AD11: =IFERROR(VLOOKUP(C11,#REF!,2,0),"")
E12: 15459 | F12: Rich's Cooking Rich-Hot Kitchen (10 Kg) | G12: T&I EX HP | H12: =IFERROR(VLOOKUP($E12,'RF Pendency Pivot'!$A:$U,14,0),"") -> -39920 | I12: =IFERROR(VLOOKUP($E12,'RF Pendency Pivot'!$A:$U,6,0),"") -> 0 | J12: =IFERROR(VLOOKUP($E12,'RF Pendency Pivot'!$A:$U,7,0),"") -> 0 | K12: =IFERROR(VLOOKUP($E12,'RF Pendency Pivot'!$A:$U,12,0),"") -> 0 | L12: =IFERROR(VLOOKUP($E12,'RF Pendency Pivot'!$A:$U,19,0),"") -> 0 | M12: =IFERROR(VLOOKUP($E12,'RF Pendency Pivot'!$A:$U,16,0),"") -> 0 | N12: =IFERROR(VLOOKUP($E12,'RF Pendency Pivot'!$A:$U,18,0),"") -> 0 | O12: =IFERROR(VLOOKUP($E12,'RF Pendency Pivot'!$A:$U,21,0),"") -> 0 | P12: =IF(H12<0,H12+SUMIF(H12:O12,">0"),SUMIF(H12:O12,">0")) -> -39920 | R12: =IFERROR(VLOOKUP($E12,'RF Pendency Pivot'!$A:$U,4,0),"") -> 0 | S12: =IFERROR(VLOOKUP($E12,'RF Pendency Pivot'!$A:$U,5,0),"") -> 0 | T12: =IFERROR(VLOOKUP($E12,'RF Pendency Pivot'!$A:$U,8,0),"") -> 0 | U12: =IFERROR(VLOOKUP($E12,'RF Pendency Pivot'!$A:$U,10,0),"") -> 0 | V12: =IFERROR(VLOOKUP($E12,'RF Pendency Pivot'!$A:$U,11,0),"") -> -13254.8 | W12: =IFERROR(VLOOKUP($E12,'RF Pendency Pivot'!$A:$U,13,0),"") -> 0 | X12: =IFERROR(VLOOKUP($E12,'RF Pendency Pivot'!$A:$U,15,0),"") -> -6180 | Y12: =IFERROR(VLOOKUP($E12,'RF Pendency Pivot'!$A:$U,20,0),"") -> 0 | Z12: =IFERROR(VLOOKUP($E12,'RF Pendency Pivot'!$A:$U,17,0),"") -> 0 | AA12: =IF(X12<0,X12+SUMIF(R12:Z12,">0"),SUMIF(R12:Z12,">0")) -> -6180 | AB12: =P12+AA12 -> -46100
E13: 16984 | F13: Rich’s Niagara Farms Gold (1 Kg ) | G13: T&I EX HP | H13: =IFERROR(VLOOKUP($E13,'RF Pendency Pivot'!$A:$U,14,0),"") -> -396 | I13: =IFERROR(VLOOKUP($E13,'RF Pendency Pivot'!$A:$U,6,0),"") -> 0 | J13: =IFERROR(VLOOKUP($E13,'RF Pendency Pivot'!$A:$U,7,0),"") -> -702.72 | K13: =IFERROR(VLOOKUP($E13,'RF Pendency Pivot'!$A:$U,12,0),"") -> -17.64 | L13: =IFERROR(VLOOKUP($E13,'RF Pendency Pivot'!$A:$U,19,0),"") -> -234.72 | M13: =IFERROR(VLOOKUP($E13,'RF Pendency Pivot'!$A:$U,16,0),"") -> -204 | N13: =IFERROR(VLOOKUP($E13,'RF Pendency Pivot'!$A:$U,18,0),"") -> -3.36 | O13: =IFERROR(VLOOKUP($E13,'RF Pendency Pivot'!$A:$U,21,0),"") -> -1108.08 | P13: =IF(H13<0,H13+SUMIF(H13:O13,">0"),SUMIF(H13:O13,">0")) -> -396 | R13: =IFERROR(VLOOKUP($E13,'RF Pendency Pivot'!$A:$U,4,0),"") -> -561.12 | S13: =IFERROR(VLOOKUP($E13,'RF Pendency Pivot'!$A:$U,5,0),"") -> -616.56 | T13: =IFERROR(VLOOKUP($E13,'RF Pendency Pivot'!$A:$U,8,0),"") -> -308.88 | U13: =IFERROR(VLOOKUP($E13,'RF Pendency Pivot'!$A:$U,10,0),"") -> -380.52 | V13: =IFERROR(VLOOKUP($E13,'RF Pendency Pivot'!$A:$U,11,0),"") -> -526.56 | W13: =IFERROR(VLOOKUP($E13,'RF Pendency Pivot'!$A:$U,13,0),"") -> -6860.88 | X13: =IFERROR(VLOOKUP($E13,'RF Pendency Pivot'!$A:$U,15,0),"") -> -2768.88 | Y13: =IFERROR(VLOOKUP($E13,'RF Pendency Pivot'!$A:$U,20,0),"") -> 0 | Z13: =IFERROR(VLOOKUP($E13,'RF Pendency Pivot'!$A:$U,17,0),"") -> -187.68 | AA13: =IF(X13<0,X13+SUMIF(R13:Z13,">0"),SUMIF(R13:Z13,">0")) -> -2768.88 | AB13: =P13+AA13 -> -3164.88
E14: 18098 | F14: ICEHOT BEVERAGES by RICH’S 1kg | G14: T&I EX HP | H14: =IFERROR(VLOOKUP($E14,'RF Pendency Pivot'!$A:$U,14,0),"") -> -2864.04 | I14: =IFERROR(VLOOKUP($E14,'RF Pendency Pivot'!$A:$U,6,0),"") -> 0 | J14: =IFERROR(VLOOKUP($E14,'RF Pendency Pivot'!$A:$U,7,0),"") -> -219.36 | K14: =IFERROR(VLOOKUP($E14,'RF Pendency Pivot'!$A:$U,12,0),"") -> -86.04 | L14: =IFERROR(VLOOKUP($E14,'RF Pendency Pivot'!$A:$U,19,0),"") -> -328.32 | M14: =IFERROR(VLOOKUP($E14,'RF Pendency Pivot'!$A:$U,16,0),"") -> -368.04 | N14: =IFERROR(VLOOKUP($E14,'RF Pendency Pivot'!$A:$U,18,0),"") -> -835.08 | O14: =IFERROR(VLOOKUP($E14,'RF Pendency Pivot'!$A:$U,21,0),"") -> -40.08 | P14: =IF(H14<0,H14+SUMIF(H14:O14,">0"),SUMIF(H14:O14,">0")) -> -2864.04 | R14: =IFERROR(VLOOKUP($E14,'RF Pendency Pivot'!$A:$U,4,0),"") -> -3245.4 | S14: =IFERROR(VLOOKUP($E14,'RF Pendency Pivot'!$A:$U,5,0),"") -> -120 | T14: =IFERROR(VLOOKUP($E14,'RF Pendency Pivot'!$A:$U,8,0),"") -> -93.36 | U14: =IFERROR(VLOOKUP($E14,'RF Pendency Pivot'!$A:$U,10,0),"") -> 1.44 | V14: =IFERROR(VLOOKUP($E14,'RF Pendency Pivot'!$A:$U,11,0),"") -> -255.6 | W14: =IFERROR(VLOOKUP($E14,'RF Pendency Pivot'!$A:$U,13,0),"") -> -203.04 | X14: =IFERROR(VLOOKUP($E14,'RF Pendency Pivot'!$A:$U,15,0),"") -> -3700.92 | Y14: =IFERROR(VLOOKUP($E14,'RF Pendency Pivot'!$A:$U,20,0),"") -> 0 | Z14: =IFERROR(VLOOKUP($E14,'RF Pendency Pivot'!$A:$U,17,0),"") -> -381 | AA14: =IF(X14<0,X14+SUMIF(R14:Z14,">0"),SUMIF(R14:Z14,">0")) -> -3699.48 | AB14: =P14+AA14 -> -6563.52
E15: 20308 | F15: Rich's New Star Whip 2 kg | G15: T&I EX HP | H15: =IFERROR(VLOOKUP($E15,'RF Pendency Pivot'!$A:$U,14,0),"") -> -21936 | I15: =IFERROR(VLOOKUP($E15,'RF Pendency Pivot'!$A:$U,6,0),"") -> 0 | J15: =IFERROR(VLOOKUP($E15,'RF Pendency Pivot'!$A:$U,7,0),"") -> -2880 | K15: =IFERROR(VLOOKUP($E15,'RF Pendency Pivot'!$A:$U,12,0),"") -> -104.16 | L15: =IFERROR(VLOOKUP($E15,'RF Pendency Pivot'!$A:$U,19,0),"") -> -2133.96 | M15: =IFERROR(VLOOKUP($E15,'RF Pendency Pivot'!$A:$U,16,0),"") -> 0 | N15: =IFERROR(VLOOKUP($E15,'RF Pendency Pivot'!$A:$U,18,0),"") -> -1315.56 | O15: =IFERROR(VLOOKUP($E15,'RF Pendency Pivot'!$A:$U,21,0),"") -> -1040.04 | P15: =IF(H15<0,H15+SUMIF(H15:O15,">0"),SUMIF(H15:O15,">0")) -> -21936 | R15: =IFERROR(VLOOKUP($E15,'RF Pendency Pivot'!$A:$U,4,0),"") -> -8836.68 | S15: =IFERROR(VLOOKUP($E15,'RF Pendency Pivot'!$A:$U,5,0),"") -> -2930.16 | T15: =IFERROR(VLOOKUP($E15,'RF Pendency Pivot'!$A:$U,8,0),"") -> -8613.84 | U15: =IFERROR(VLOOKUP($E15,'RF Pendency Pivot'!$A:$U,10,0),"") -> -5665.8 | V15: =IFERROR(VLOOKUP($E15,'RF Pendency Pivot'!$A:$U,11,0),"") -> -10931.76 | W15: =IFERROR(VLOOKUP($E15,'RF Pendency Pivot'!$A:$U,13,0),"") -> -3733.44 | X15: =IFERROR(VLOOKUP($E15,'RF Pendency Pivot'!$A:$U,15,0),"") -> -15683.04 | Y15: =IFERROR(VLOOKUP($E15,'RF Pendency Pivot'!$A:$U,20,0),"") -> 0 | Z15: =IFERROR(VLOOKUP($E15,'RF Pendency Pivot'!$A:$U,17,0),"") -> 0 | AA15: =IF(X15<0,X15+SUMIF(R15:Z15,">0"),SUMIF(R15:Z15,">0")) -> -15683.04 | AB15: =P15+AA15 -> -37619.04
B16: =$AC$4&$E16 -> PF21235 | C16: =$AD$4&$E16 -> HP21235 | E16: 21235 | F16: Rich’s Whip Topping (India) 500 G | H16: =IFERROR(VLOOKUP($E16,'RF Pendency Pivot'!$A:$U,14,0),"") | I16: =IFERROR(VLOOKUP($E16,'RF Pendency Pivot'!$A:$U,6,0),"") | J16: =IFERROR(VLOOKUP($E16,'RF Pendency Pivot'!$A:$U,7,0),"") | K16: =IFERROR(VLOOKUP($E16,'RF Pendency Pivot'!$A:$U,12,0),"") | L16: =IFERROR(VLOOKUP($E16,'RF Pendency Pivot'!$A:$U,19,0),"") | M16: =IFERROR(VLOOKUP($E16,'RF Pendency Pivot'!$A:$U,16,0),"") | N16: =IFERROR(VLOOKUP($E16,'RF Pendency Pivot'!$A:$U,18,0),"") | O16: =IFERROR(VLOOKUP($E16,'RF Pendency Pivot'!$A:$U,21,0),"") | P16: =IF(H16<0,H16+SUMIF(H16:O16,">0"),SUMIF(H16:O16,">0")) -> 0 | R16: =IFERROR(VLOOKUP($E16,'RF Pendency Pivot'!$A:$U,4,0),"") | S16: =IFERROR(VLOOKUP($E16,'RF Pendency Pivot'!$A:$U,5,0),"") | T16: =IFERROR(VLOOKUP($E16,'RF Pendency Pivot'!$A:$U,8,0),"") | U16: =IFERROR(VLOOKUP($E16,'RF Pendency Pivot'!$A:$U,10,0),"") | V16: =IFERROR(VLOOKUP($E16,'RF Pendency Pivot'!$A:$U,11,0),"") | W16: =IFERROR(VLOOKUP($E16,'RF Pendency Pivot'!$A:$U,13,0),"") | X16: =IFERROR(VLOOKUP($E16,'RF Pendency Pivot'!$A:$U,15,0),"") | Y16: =IFERROR(VLOOKUP($E16,'RF Pendency Pivot'!$A:$U,20,0),"") | Z16: =IFERROR(VLOOKUP($E16,'RF Pendency Pivot'!$A:$U,17,0),"") | AA16: =IF(X16<0,X16+SUMIF(R16:Z16,">0"),SUMIF(R16:Z16,">0")) -> 0 | AB16: =P16+AA16 -> 0
B17: =$AC$4&$E17 -> PF21910 | C17: =$AD$4&$E17 -> HP21910 | E17: 21910 | F17: Rich’s Sunwhip 2 Kg | G17: T&I EX HP | H17: =IFERROR(VLOOKUP($E17,'RF Pendency Pivot'!$A:$U,14,0),"") -> -51420 | I17: =IFERROR(VLOOKUP($E17,'RF Pendency Pivot'!$A:$U,6,0),"") -> 0 | J17: =IFERROR(VLOOKUP($E17,'RF Pendency Pivot'!$A:$U,7,0),"") -> 0 | K17: =IFERROR(VLOOKUP($E17,'RF Pendency Pivot'!$A:$U,12,0),"") -> -5397.36 | L17: =IFERROR(VLOOKUP($E17,'RF Pendency Pivot'!$A:$U,19,0),"") -> -2285.76 | M17: =IFERROR(VLOOKUP($E17,'RF Pendency Pivot'!$A:$U,16,0),"") -> 0 | N17: =IFERROR(VLOOKUP($E17,'RF Pendency Pivot'!$A:$U,18,0),"") -> -2553.48 | O17: =IFERROR(VLOOKUP($E17,'RF Pendency Pivot'!$A:$U,21,0),"") -> -3512.04 | P17: =IF(H17<0,H17+SUMIF(H17:O17,">0"),SUMIF(H17:O17,">0")) -> -51420 | R17: =IFERROR(VLOOKUP($E17,'RF Pendency Pivot'!$A:$U,4,0),"") -> -3.24 | S17: =IFERROR(VLOOKUP($E17,'RF Pendency Pivot'!$A:$U,5,0),"") -> -783.96 | T17: =IFERROR(VLOOKUP($E17,'RF Pendency Pivot'!$A:$U,8,0),"") -> -1606.56 | U17: =IFERROR(VLOOKUP($E17,'RF Pendency Pivot'!$A:$U,10,0),"") -> -59.4 | V17: =IFERROR(VLOOKUP($E17,'RF Pendency Pivot'!$A:$U,11,0),"") -> -579.24 | W17: =IFERROR(VLOOKUP($E17,'RF Pendency Pivot'!$A:$U,13,0),"") -> 0 | X17: =IFERROR(VLOOKUP($E17,'RF Pendency Pivot'!$A:$U,15,0),"") -> -1690.68 | Y17: =IFERROR(VLOOKUP($E17,'RF Pendency Pivot'!$A:$U,20,0),"") -> 0 | Z17: =IFERROR(VLOOKUP($E17,'RF Pendency Pivot'!$A:$U,17,0),"") -> 0 | AA17: =IF(X17<0,X17+SUMIF(R17:Z17,">0"),SUMIF(R17:Z17,">0")) -> -1690.68 | AB17: =P17+AA17 -> -53110.68 | AC17: =IFERROR(VLOOKUP(B17,#REF!,2,0),"") | AD17: =IFERROR(VLOOKUP(C17,#REF!,2,0),"")
B18: =$AC$4&$E18 -> PF22059 | C18: =$AD$4&$E18 -> HP22059 | E18: 22059 | F18: Rich’s Truffle Base - Hazelnut Flavour | G18: T&I EX HP | H18: =IFERROR(VLOOKUP($E18,'RF Pendency Pivot'!$A:$U,14,0),"") -> 0 | I18: =IFERROR(VLOOKUP($E18,'RF Pendency Pivot'!$A:$U,6,0),"") -> 0 | J18: =IFERROR(VLOOKUP($E18,'RF Pendency Pivot'!$A:$U,7,0),"") -> 0 | K18: =IFERROR(VLOOKUP($E18,'RF Pendency Pivot'!$A:$U,12,0),"") -> 0 | L18: =IFERROR(VLOOKUP($E18,'RF Pendency Pivot'!$A:$U,19,0),"") -> 0 | M18: =IFERROR(VLOOKUP($E18,'RF Pendency Pivot'!$A:$U,16,0),"") -> 0 | N18: =IFERROR(VLOOKUP($E18,'RF Pendency Pivot'!$A:$U,18,0),"") -> 128.64 | O18: =IFERROR(VLOOKUP($E18,'RF Pendency Pivot'!$A:$U,21,0),"") -> 0 | P18: =IF(H18<0,H18+SUMIF(H18:O18,">0"),SUMIF(H18:O18,">0")) -> 128.64 | R18: =IFERROR(VLOOKUP($E18,'RF Pendency Pivot'!$A:$U,4,0),"") -> 0 | S18: =IFERROR(VLOOKUP($E18,'RF Pendency Pivot'!$A:$U,5,0),"") -> 0 | T18: =IFERROR(VLOOKUP($E18,'RF Pendency Pivot'!$A:$U,8,0),"") -> 0 | U18: =IFERROR(VLOOKUP($E18,'RF Pendency Pivot'!$A:$U,10,0),"") -> 0 | V18: =IFERROR(VLOOKUP($E18,'RF Pendency Pivot'!$A:$U,11,0),"") -> 0 | W18: =IFERROR(VLOOKUP($E18,'RF Pendency Pivot'!$A:$U,13,0),"") -> 0 | X18: =IFERROR(VLOOKUP($E18,'RF Pendency Pivot'!$A:$U,15,0),"") -> 0 | Y18: =IFERROR(VLOOKUP($E18,'RF Pendency Pivot'!$A:$U,20,0),"") -> 0 | Z18: =IFERROR(VLOOKUP($E18,'RF Pendency Pivot'!$A:$U,17,0),"") -> 0 | AA18: =IF(X18<0,X18+SUMIF(R18:Z18,">0"),SUMIF(R18:Z18,">0")) -> 0 | AB18: =P18+AA18 -> 128.64 | AC18: =IFERROR(VLOOKUP(B18,#REF!,2,0),"") | AD18: =IFERROR(VLOOKUP(C18,#REF!,2,0),"")
E19: 22754 | F19: RWT - Cheese Flavoured (1 kg) | G19: T&I EX HP | H19: =IFERROR(VLOOKUP($E19,'RF Pendency Pivot'!$A:$U,14,0),"") | I19: =IFERROR(VLOOKUP($E19,'RF Pendency Pivot'!$A:$U,6,0),"") | J19: =IFERROR(VLOOKUP($E19,'RF Pendency Pivot'!$A:$U,7,0),"") | K19: =IFERROR(VLOOKUP($E19,'RF Pendency Pivot'!$A:$U,12,0),"") | L19: =IFERROR(VLOOKUP($E19,'RF Pendency Pivot'!$A:$U,19,0),"") | M19: =IFERROR(VLOOKUP($E19,'RF Pendency Pivot'!$A:$U,16,0),"") | N19: =IFERROR(VLOOKUP($E19,'RF Pendency Pivot'!$A:$U,18,0),"") | O19: =IFERROR(VLOOKUP($E19,'RF Pendency Pivot'!$A:$U,21,0),"") | P19: =IF(H19<0,H19+SUMIF(H19:O19,">0"),SUMIF(H19:O19,">0")) -> 0 | R19: =IFERROR(VLOOKUP($E19,'RF Pendency Pivot'!$A:$U,4,0),"") | S19: =IFERROR(VLOOKUP($E19,'RF Pendency Pivot'!$A:$U,5,0),"") | T19: =IFERROR(VLOOKUP($E19,'RF Pendency Pivot'!$A:$U,8,0),"") | U19: =IFERROR(VLOOKUP($E19,'RF Pendency Pivot'!$A:$U,10,0),"") | V19: =IFERROR(VLOOKUP($E19,'RF Pendency Pivot'!$A:$U,11,0),"") | W19: =IFERROR(VLOOKUP($E19,'RF Pendency Pivot'!$A:$U,13,0),"") | X19: =IFERROR(VLOOKUP($E19,'RF Pendency Pivot'!$A:$U,15,0),"") | Y19: =IFERROR(VLOOKUP($E19,'RF Pendency Pivot'!$A:$U,20,0),"") | Z19: =IFERROR(VLOOKUP($E19,'RF Pendency Pivot'!$A:$U,17,0),"") | AA19: =IF(X19<0,X19+SUMIF(R19:Z19,">0"),SUMIF(R19:Z19,">0")) -> 0 | AB19: =P19+AA19 -> 0
B20: =$AC$4&$E20 -> PF23890 | C20: =$AD$4&$E20 -> HP23890 | E20: 23890 | F20: Whip Topping Base (India) | G20: T&I EX HP | H20: =IFERROR(VLOOKUP($E20,'RF Pendency Pivot'!$A:$U,14,0),"") -> -1356 | I20: =IFERROR(VLOOKUP($E20,'RF Pendency Pivot'!$A:$U,6,0),"") -> 0 | J20: =IFERROR(VLOOKUP($E20,'RF Pendency Pivot'!$A:$U,7,0),"") -> 0 | K20: =IFERROR(VLOOKUP($E20,'RF Pendency Pivot'!$A:$U,12,0),"") -> 0 | L20: =IFERROR(VLOOKUP($E20,'RF Pendency Pivot'!$A:$U,19,0),"") -> 0 | M20: =IFERROR(VLOOKUP($E20,'RF Pendency Pivot'!$A:$U,16,0),"") -> 0 | N20: =IFERROR(VLOOKUP($E20,'RF Pendency Pivot'!$A:$U,18,0),"") -> 0 | O20: =IFERROR(VLOOKUP($E20,'RF Pendency Pivot'!$A:$U,21,0),"") -> -120 | P20: =IF(H20<0,H20+SUMIF(H20:O20,">0"),SUMIF(H20:O20,">0")) -> -1356 | R20: =IFERROR(VLOOKUP($E20,'RF Pendency Pivot'!$A:$U,4,0),"") -> -1020 | S20: =IFERROR(VLOOKUP($E20,'RF Pendency Pivot'!$A:$U,5,0),"") -> 0 | T20: =IFERROR(VLOOKUP($E20,'RF Pendency Pivot'!$A:$U,8,0),"") -> 0 | U20: =IFERROR(VLOOKUP($E20,'RF Pendency Pivot'!$A:$U,10,0),"") -> -1128 | V20: =IFERROR(VLOOKUP($E20,'RF Pendency Pivot'!$A:$U,11,0),"") -> 0 | W20: =IFERROR(VLOOKUP($E20,'RF Pendency Pivot'!$A:$U,13,0),"") -> 0 | X20: =IFERROR(VLOOKUP($E20,'RF Pendency Pivot'!$A:$U,15,0),"") -> -1116 | Y20: =IFERROR(VLOOKUP($E20,'RF Pendency Pivot'!$A:$U,20,0),"") -> 0 | Z20: =IFERROR(VLOOKUP($E20,'RF Pendency Pivot'!$A:$U,17,0),"") -> 0 | AA20: =IF(X20<0,X20+SUMIF(R20:Z20,">0"),SUMIF(R20:Z20,">0")) -> -1116 | AB20: =P20+AA20 -> -2472 | AC20: =IFERROR(VLOOKUP(B20,#REF!,2,0),"") | AD20: =IFERROR(VLOOKUP(C20,#REF!,2,0),"")
E21: 23081 | F21: Icehot Creamary 1 KG | G21: T&I EX HP | H21: =IFERROR(VLOOKUP($E21,'RF Pendency Pivot'!$A:$U,14,0),"") -> 24 | I21: =IFERROR(VLOOKUP($E21,'RF Pendency Pivot'!$A:$U,6,0),"") -> 0 | J21: =IFERROR(VLOOKUP($E21,'RF Pendency Pivot'!$A:$U,7,0),"") -> -3.36 | K21: =IFERROR(VLOOKUP($E21,'RF Pendency Pivot'!$A:$U,12,0),"") -> 108.6 | L21: =IFERROR(VLOOKUP($E21,'RF Pendency Pivot'!$A:$U,19,0),"") -> 162.36 | M21: =IFERROR(VLOOKUP($E21,'RF Pendency Pivot'!$A:$U,16,0),"") -> -84 | N21: =IFERROR(VLOOKUP($E21,'RF Pendency Pivot'!$A:$U,18,0),"") -> -568.68 | O21: =IFERROR(VLOOKUP($E21,'RF Pendency Pivot'!$A:$U,21,0),"") -> 223.92 | P21: =IF(H21<0,H21+SUMIF(H21:O21,">0"),SUMIF(H21:O21,">0")) -> 518.88 | R21: =IFERROR(VLOOKUP($E21,'RF Pendency Pivot'!$A:$U,4,0),"") -> -18.84 | S21: =IFERROR(VLOOKUP($E21,'RF Pendency Pivot'!$A:$U,5,0),"") -> -192.24 | T21: =IFERROR(VLOOKUP($E21,'RF Pendency Pivot'!$A:$U,8,0),"") -> -42.72 | U21: =IFERROR(VLOOKUP($E21,'RF Pendency Pivot'!$A:$U,10,0),"") -> -299.76 | V21: =IFERROR(VLOOKUP($E21,'RF Pendency Pivot'!$A:$U,11,0),"") -> 368.76 | W21: =IFERROR(VLOOKUP($E21,'RF Pendency Pivot'!$A:$U,13,0),"") -> -106.32 | X21: =IFERROR(VLOOKUP($E21,'RF Pendency Pivot'!$A:$U,15,0),"") -> -713.64 | Y21: =IFERROR(VLOOKUP($E21,'RF Pendency Pivot'!$A:$U,20,0),"") -> 0 | Z21: =IFERROR(VLOOKUP($E21,'RF Pendency Pivot'!$A:$U,17,0),"") -> -114.72 | AA21: =IF(X21<0,X21+SUMIF(R21:Z21,">0"),SUMIF(R21:Z21,">0")) -> -344.88 | AB21: =P21+AA21 -> 174 | AF21: 21
E22: 25616 | F22: RWT Gold - 10 kg | G22: T&I EX HP | H22: =IFERROR(VLOOKUP($E22,'RF Pendency Pivot'!$A:$U,14,0),"") -> -16180 | I22: =IFERROR(VLOOKUP($E22,'RF Pendency Pivot'!$A:$U,6,0),"") -> 0 | J22: =IFERROR(VLOOKUP($E22,'RF Pendency Pivot'!$A:$U,7,0),"") -> 0 | K22: =IFERROR(VLOOKUP($E22,'RF Pendency Pivot'!$A:$U,12,0),"") -> 0 | L22: =IFERROR(VLOOKUP($E22,'RF Pendency Pivot'!$A:$U,19,0),"") -> 0 | M22: =IFERROR(VLOOKUP($E22,'RF Pendency Pivot'!$A:$U,16,0),"") -> 0 | N22: =IFERROR(VLOOKUP($E22,'RF Pendency Pivot'!$A:$U,18,0),"") -> 0 | O22: =IFERROR(VLOOKUP($E22,'RF Pendency Pivot'!$A:$U,21,0),"") -> 0 | P22: =IF(H22<0,H22+SUMIF(H22:O22,">0"),SUMIF(H22:O22,">0")) -> -16180 | R22: =IFERROR(VLOOKUP($E22,'RF Pendency Pivot'!$A:$U,4,0),"") -> 0 | S22: =IFERROR(VLOOKUP($E22,'RF Pendency Pivot'!$A:$U,5,0),"") -> -3520.3 | T22: =IFERROR(VLOOKUP($E22,'RF Pendency Pivot'!$A:$U,8,0),"") -> 0 | U22: =IFERROR(VLOOKUP($E22,'RF Pendency Pivot'!$A:$U,10,0),"") -> 0 | V22: =IFERROR(VLOOKUP($E22,'RF Pendency Pivot'!$A:$U,11,0),"") -> 0 | W22: =IFERROR(VLOOKUP($E22,'RF Pendency Pivot'!$A:$U,13,0),"") -> 0 | X22: =IFERROR(VLOOKUP($E22,'RF Pendency Pivot'!$A:$U,15,0),"") -> 0 | Y22: =IFERROR(VLOOKUP($E22,'RF Pendency Pivot'!$A:$U,20,0),"") -> 0 | Z22: =IFERROR(VLOOKUP($E22,'RF Pendency Pivot'!$A:$U,17,0),"") -> 0 | AA22: =IF(X22<0,X22+SUMIF(R22:Z22,">0"),SUMIF(R22:Z22,">0")) -> 0 | AB22: =P22+AA22 -> -16180
E23: 25570 | F23: Rich'S Sun Whip Ultra (1 Kg) 2025 | G23: T&I EX HP | H23: =IFERROR(VLOOKUP($E23,'RF Pendency Pivot'!$A:$U,14,0),"") -> -8196 | I23: =IFERROR(VLOOKUP($E23,'RF Pendency Pivot'!$A:$U,6,0),"") -> 0 | J23: =IFERROR(VLOOKUP($E23,'RF Pendency Pivot'!$A:$U,7,0),"") -> -1546.32 | K23: =IFERROR(VLOOKUP($E23,'RF Pendency Pivot'!$A:$U,12,0),"") -> -5012.16 | L23: =IFERROR(VLOOKUP($E23,'RF Pendency Pivot'!$A:$U,19,0),"") -> -862.32 | M23: =IFERROR(VLOOKUP($E23,'RF Pendency Pivot'!$A:$U,16,0),"") -> -3024 | N23: =IFERROR(VLOOKUP($E23,'RF Pendency Pivot'!$A:$U,18,0),"") -> -21.36 | O23: =IFERROR(VLOOKUP($E23,'RF Pendency Pivot'!$A:$U,21,0),"") -> -1044 | P23: =IF(H23<0,H23+SUMIF(H23:O23,">0"),SUMIF(H23:O23,">0")) -> -8196 | R23: =IFERROR(VLOOKUP($E23,'RF Pendency Pivot'!$A:$U,4,0),"") -> -4569.48 | S23: =IFERROR(VLOOKUP($E23,'RF Pendency Pivot'!$A:$U,5,0),"") -> -1337.52 | T23: =IFERROR(VLOOKUP($E23,'RF Pendency Pivot'!$A:$U,8,0),"") -> -291.72 | U23: =IFERROR(VLOOKUP($E23,'RF Pendency Pivot'!$A:$U,10,0),"") -> -2374.56 | V23: =IFERROR(VLOOKUP($E23,'RF Pendency Pivot'!$A:$U,11,0),"") -> -427.2 | W23: =IFERROR(VLOOKUP($E23,'RF Pendency Pivot'!$A:$U,13,0),"") -> -180 | X23: =IFERROR(VLOOKUP($E23,'RF Pendency Pivot'!$A:$U,15,0),"") -> -4253.04 | Y23: =IFERROR(VLOOKUP($E23,'RF Pendency Pivot'!$A:$U,20,0),"") -> 0 | Z23: =IFERROR(VLOOKUP($E23,'RF Pendency Pivot'!$A:$U,17,0),"") -> 0 | AA23: =IF(X23<0,X23+SUMIF(R23:Z23,">0"),SUMIF(R23:Z23,">0")) -> -4253.04 | AB23: =P23+AA23 -> -12449.04
E24: 25598 | F24: Rich's Cheese Flv WT 1 kg (2025) | G24: T&I EX HP | H24: =IFERROR(VLOOKUP($E24,'RF Pendency Pivot'!$A:$U,14,0),"") -> 1185.6 | I24: =IFERROR(VLOOKUP($E24,'RF Pendency Pivot'!$A:$U,6,0),"") -> 0 | J24: =IFERROR(VLOOKUP($E24,'RF Pendency Pivot'!$A:$U,7,0),"") -> -113.64 | K24: =IFERROR(VLOOKUP($E24,'RF Pendency Pivot'!$A:$U,12,0),"") -> 3292.44 | L24: =IFERROR(VLOOKUP($E24,'RF Pendency Pivot'!$A:$U,19,0),"") -> 50.64 | M24: =IFERROR(VLOOKUP($E24,'RF Pendency Pivot'!$A:$U,16,0),"") -> -312 | N24: =IFERROR(VLOOKUP($E24,'RF Pendency Pivot'!$A:$U,18,0),"") -> -108.72 | O24: =IFERROR(VLOOKUP($E24,'RF Pendency Pivot'!$A:$U,21,0),"") -> 43.92 | P24: =IF(H24<0,H24+SUMIF(H24:O24,">0"),SUMIF(H24:O24,">0")) -> 4572.6 | R24: =IFERROR(VLOOKUP($E24,'RF Pendency Pivot'!$A:$U,4,0),"") -> 3679.92 | S24: =IFERROR(VLOOKUP($E24,'RF Pendency Pivot'!$A:$U,5,0),"") -> 718.92 | T24: =IFERROR(VLOOKUP($E24,'RF Pendency Pivot'!$A:$U,8,0),"") -> -338.4 | U24: =IFERROR(VLOOKUP($E24,'RF Pendency Pivot'!$A:$U,10,0),"") -> 432.72 | V24: =IFERROR(VLOOKUP($E24,'RF Pendency Pivot'!$A:$U,11,0),"") -> 1299.96 | W24: =IFERROR(VLOOKUP($E24,'RF Pendency Pivot'!$A:$U,13,0),"") -> 42 | X24: =IFERROR(VLOOKUP($E24,'RF Pendency Pivot'!$A:$U,15,0),"") -> 3531.72 | Y24: =IFERROR(VLOOKUP($E24,'RF Pendency Pivot'!$A:$U,20,0),"") -> 0 | Z24: =IFERROR(VLOOKUP($E24,'RF Pendency Pivot'!$A:$U,17,0),"") -> -172.2 | AA24: =IF(X24<0,X24+SUMIF(R24:Z24,">0"),SUMIF(R24:Z24,">0")) -> 9705.24 | AB24: =P24+AA24 -> 14277.84
AC25: Production Date | AD25: Production Date
B26: =$AC$4&$E26 -> PFMaterial Code | C26: =$AD$4&$E26 -> HPMaterial Code | E26: Material Code | F26: Material Description | G26: Source | H26: PBN | I26: DEL | J26: GT | K26: KOL | L26: KNP | M26: RJ | N26: PA | O26: Soni | R26: BNG | S26: CH | T26: GUJ | U26: HY | V26: KER | W26: MP | X26: PC | Y26: KHA | Z26: NG | AA26: RF | AB26: Sold | AC26: PF | AD26: HP
B27: =$AC$4&$E27 -> PF01296 | C27: =$AD$4&$E27 -> HP01296 | E27: 01296 | F27: Rich’s Cremagic - 2 Kg | G27: T&I EX HP | H27: =VLOOKUP($E27,'INV Days Pivot'!$A:$T,14,0) -> 19.100951 | I27: =VLOOKUP($E27,'INV Days Pivot'!$A:$T,6,0) -> 0 | J27: =VLOOKUP($E27,'INV Days Pivot'!$A:$T,7,0) -> 35.672651 | K27: =VLOOKUP($E27,'INV Days Pivot'!$A:$T,12,0) -> 28.064396 | L27: =VLOOKUP($E27,'INV Days Pivot'!$A:$T,19,0) -> 26.974393 | M27: =VLOOKUP($E27,'INV Days Pivot'!$A:$T,16,0) -> 22.086614 | N27: =VLOOKUP($E27,'INV Days Pivot'!$A:$T,18,0) -> 25.315331 | O27: =VLOOKUP($E27,'INV Days Pivot'!$A:$U,21,0) -> 22.241379 | R27: =VLOOKUP($E27,'INV Days Pivot'!$A:$T,4,0) -> 24.089707 | S27: =VLOOKUP($E27,'INV Days Pivot'!$A:$T,5,0) -> 30.230794 | T27: =VLOOKUP($E27,'INV Days Pivot'!$A:$T,8,0) -> 18.95012 | U27: =VLOOKUP($E27,'INV Days Pivot'!$A:$T,10,0) -> 24.219943 | V27: =VLOOKUP($E27,'INV Days Pivot'!$A:$T,11,0) -> 26.574739 | W27: =VLOOKUP($E27,'INV Days Pivot'!$A:$T,13,0) -> 40.763968 | X27: =VLOOKUP($E27,'INV Days Pivot'!$A:$T,15,0) -> 20.135987 | Y27: =VLOOKUP($E27,'INV Days Pivot'!$A:$T,20,0) -> 0 | Z27: =VLOOKUP($E27,'INV Days Pivot'!$A:$T,17,0) -> 27.279503 | AA27: =VLOOKUP($E27,'INV Days Pivot'!$A:$T,17,0) -> 27.279503 | AC27: =IFERROR(VLOOKUP(B27,#REF!,2,0),"") | AD27: =IFERROR(VLOOKUP(C27,#REF!,2,0),"")
B28: =$AC$4&$E28 -> PF02122 | C28: =$AD$4&$E28 -> HP02122 | E28: 02122 | F28: Rich's Dairy Free Whip Topping - 2 Kg | G28: T&I EX HP | H28: =VLOOKUP($E28,'INV Days Pivot'!$A:$T,14,0) -> 223.152 | I28: =VLOOKUP($E28,'INV Days Pivot'!$A:$T,6,0) -> 0 | J28: =VLOOKUP($E28,'INV Days Pivot'!$A:$T,7,0) -> 48.976548 | K28: =VLOOKUP($E28,'INV Days Pivot'!$A:$T,12,0) -> 16.373469 | L28: =VLOOKUP($E28,'INV Days Pivot'!$A:$T,19,0) -> 19.084523 | M28: =VLOOKUP($E28,'INV Days Pivot'!$A:$T,16,0) -> 32.76 | N28: =VLOOKUP($E28,'INV Days Pivot'!$A:$T,18,0) -> 47.574627 | O28: =VLOOKUP($E28,'INV Days Pivot'!$A:$U,21,0) -> 17.247281 | R28: =VLOOKUP($E28,'INV Days Pivot'!$A:$T,4,0) -> 26.078654 | S28: =VLOOKUP($E28,'INV Days Pivot'!$A:$T,5,0) -> 32.885141 | T28: =VLOOKUP($E28,'INV Days Pivot'!$A:$T,8,0) -> 35.994703 | U28: =VLOOKUP($E28,'INV Days Pivot'!$A:$T,10,0) -> 21.482617 | V28: =VLOOKUP($E28,'INV Days Pivot'!$A:$T,11,0) -> 31.918605 | W28: =VLOOKUP($E28,'INV Days Pivot'!$A:$T,13,0) -> 36.100974 | X28: =VLOOKUP($E28,'INV Days Pivot'!$A:$T,15,0) -> 20.820449 | Y28: =VLOOKUP($E28,'INV Days Pivot'!$A:$T,20,0) -> 0 | Z28: =VLOOKUP($E28,'INV Days Pivot'!$A:$T,17,0) -> 39.445879 | AA28: =VLOOKUP($E28,'INV Days Pivot'!$A:$T,17,0) -> 39.445879 | AC28: =IFERROR(VLOOKUP(B28,#REF!,2,0),"") | AD28: =IFERROR(VLOOKUP(C28,#REF!,2,0),"")
B29: =$AC$4&$E29 -> PF05159 | C29: =$AD$4&$E29 -> HP05159 | E29: 05159 | F29: Rich's Whip Topping-Gold 500 G (India) | G29: T&I EX HP | H29: =VLOOKUP($E29,'INV Days Pivot'!$A:$T,14,0) -> 0 | I29: =VLOOKUP($E29,'INV Days Pivot'!$A:$T,6,0) -> 0 | J29: =VLOOKUP($E29,'INV Days Pivot'!$A:$T,7,0) -> 11.374938 | K29: =VLOOKUP($E29,'INV Days Pivot'!$A:$T,12,0) -> 0 | L29: =VLOOKUP($E29,'INV Days Pivot'!$A:$T,19,0) -> 0 | M29: =VLOOKUP($E29,'INV Days Pivot'!$A:$T,16,0) -> 0 | N29: =VLOOKUP($E29,'INV Days Pivot'!$A:$T,18,0) -> 0 | O29: =VLOOKUP($E29,'INV Days Pivot'!$A:$U,21,0) -> 0 | R29: =VLOOKUP($E29,'INV Days Pivot'!$A:$T,4,0) -> 15.625 | S29: =VLOOKUP($E29,'INV Days Pivot'!$A:$T,5,0) -> 29.275093 | T29: =VLOOKUP($E29,'INV Days Pivot'!$A:$T,8,0) -> 28.467595 | U29: =VLOOKUP($E29,'INV Days Pivot'!$A:$T,10,0) -> 49.723757 | V29: =VLOOKUP($E29,'INV Days Pivot'!$A:$T,11,0) -> 20.44 | W29: =VLOOKUP($E29,'INV Days Pivot'!$A:$T,13,0) -> 0 | X29: =VLOOKUP($E29,'INV Days Pivot'!$A:$T,15,0) -> 26.590693 | Y29: =VLOOKUP($E29,'INV Days Pivot'!$A:$T,20,0) -> 0 | Z29: =VLOOKUP($E29,'INV Days Pivot'!$A:$T,17,0) -> 31.25 | AA29: =VLOOKUP($E29,'INV Days Pivot'!$A:$T,17,0) -> 31.25 | AC29: =IFERROR(VLOOKUP(B29,#REF!,2,0),"") | AD29: =IFERROR(VLOOKUP(C29,#REF!,2,0),"")
B30: =$AC$4&$E30 -> PF08529 | C30: =$AD$4&$E30 -> HP08529 | E30: 08529 | F30: Rich's Truffle Base | G30: T&I EX HP | H30: =VLOOKUP($E30,'INV Days Pivot'!$A:$T,14,0) -> 35.050063 | I30: =VLOOKUP($E30,'INV Days Pivot'!$A:$T,6,0) -> 0 | J30: =VLOOKUP($E30,'INV Days Pivot'!$A:$T,7,0) -> 42.85075 | K30: =VLOOKUP($E30,'INV Days Pivot'!$A:$T,12,0) -> 34.927275 | L30: =VLOOKUP($E30,'INV Days Pivot'!$A:$T,19,0) -> 25.640229 | M30: =VLOOKUP($E30,'INV Days Pivot'!$A:$T,16,0) -> 34.86 | N30: =VLOOKUP($E30,'INV Days Pivot'!$A:$T,18,0) -> 30.665323 | O30: =VLOOKUP($E30,'INV Days Pivot'!$A:$U,21,0) -> 20.295487 | R30: =VLOOKUP($E30,'INV Days Pivot'!$A:$T,4,0) -> 33.852343 | S30: =VLOOKUP($E30,'INV Days Pivot'!$A:$T,5,0) -> 33.896461 | T30: =VLOOKUP($E30,'INV Days Pivot'!$A:$T,8,0) -> 34.590419 | U30: =VLOOKUP($E30,'INV Days Pivot'!$A:$T,10,0) -> 22.946048 | V30: =VLOOKUP($E30,'INV Days Pivot'!$A:$T,11,0) -> 16.128 | W30: =VLOOKUP($E30,'INV Days Pivot'!$A:$T,13,0) -> 37.17868 | X30: =VLOOKUP($E30,'INV Days Pivot'!$A:$T,15,0) -> 22.328365 | Y30: =VLOOKUP($E30,'INV Days Pivot'!$A:$T,20,0) -> 0 | Z30: =VLOOKUP($E30,'INV Days Pivot'!$A:$T,17,0) -> 38.119164 | AA30: =VLOOKUP($E30,'INV Days Pivot'!$A:$T,17,0) -> 38.119164 | AC30: =IFERROR(VLOOKUP(B30,#REF!,2,0),"") | AD30: =IFERROR(VLOOKUP(C30,#REF!,2,0),"")
B31: =$AC$4&$E31 -> PF13179 | C31: =$AD$4&$E31 -> HP13179 | E31: 13179 | F31: Rich’s Whip Topping Gold (India) | G31: T&I EX HP | H31: =VLOOKUP($E31,'INV Days Pivot'!$A:$T,14,0) -> 39.511419 | I31: =VLOOKUP($E31,'INV Days Pivot'!$A:$T,6,0) -> 0 | J31: =VLOOKUP($E31,'INV Days Pivot'!$A:$T,7,0) -> 0 | K31: =VLOOKUP($E31,'INV Days Pivot'!$A:$T,12,0) -> 0 | L31: =VLOOKUP($E31,'INV Days Pivot'!$A:$T,19,0) -> 24.081307 | M31: =VLOOKUP($E31,'INV Days Pivot'!$A:$T,16,0) -> 24.96 | N31: =VLOOKUP($E31,'INV Days Pivot'!$A:$T,18,0) -> 0 | O31: =VLOOKUP($E31,'INV Days Pivot'!$A:$U,21,0) -> 12.002405 | R31: =VLOOKUP($E31,'INV Days Pivot'!$A:$T,4,0) -> 23.583288 | S31: =VLOOKUP($E31,'INV Days Pivot'!$A:$T,5,0) -> 22.787697 | T31: =VLOOKUP($E31,'INV Days Pivot'!$A:$T,8,0) -> 35.438884 | U31: =VLOOKUP($E31,'INV Days Pivot'!$A:$T,10,0) -> 10.217507 | V31: =VLOOKUP($E31,'INV Days Pivot'!$A:$T,11,0) -> 23.53255 | W31: =VLOOKUP($E31,'INV Days Pivot'!$A:$T,13,0) -> 26.971502 | X31: =VLOOKUP($E31,'INV Days Pivot'!$A:$T,15,0) -> 22.709439 | Y31: =VLOOKUP($E31,'INV Days Pivot'!$A:$T,20,0) -> 0 | Z31: =VLOOKUP($E31,'INV Days Pivot'!$A:$T,17,0) -> 30.4744 | AA31: =VLOOKUP($E31,'INV Days Pivot'!$A:$T,17,0) -> 30.4744 | AC31: =IFERROR(VLOOKUP(B31,#REF!,2,0),"") | AD31: =IFERROR(VLOOKUP(C31,#REF!,2,0),"")
B32: =$AC$4&$E32 -> PF13678 | C32: =$AD$4&$E32 -> HP13678 | E32: 13678 | F32: Rich’s New Niagara Farms | G32: T&I EX HP | H32: =VLOOKUP($E32,'INV Days Pivot'!$A:$T,14,0) -> 25.489566 | I32: =VLOOKUP($E32,'INV Days Pivot'!$A:$T,6,0) -> 0 | J32: =VLOOKUP($E32,'INV Days Pivot'!$A:$T,7,0) -> 17.25478 | K32: =VLOOKUP($E32,'INV Days Pivot'!$A:$T,12,0) -> 27.173189 | L32: =VLOOKUP($E32,'INV Days Pivot'!$A:$T,19,0) -> 21.24 | M32: =VLOOKUP($E32,'INV Days Pivot'!$A:$T,16,0) -> 26.100653 | N32: =VLOOKUP($E32,'INV Days Pivot'!$A:$T,18,0) -> 21.451222 | O32: =VLOOKUP($E32,'INV Days Pivot'!$A:$U,21,0) -> 22.535701 | R32: =VLOOKUP($E32,'INV Days Pivot'!$A:$T,4,0) -> 31.539889 | S32: =VLOOKUP($E32,'INV Days Pivot'!$A:$T,5,0) -> 164.67463 | T32: =VLOOKUP($E32,'INV Days Pivot'!$A:$T,8,0) -> 26.715539 | U32: =VLOOKUP($E32,'INV Days Pivot'!$A:$T,10,0) -> 21.933574 | V32: =VLOOKUP($E32,'INV Days Pivot'!$A:$T,11,0) -> 29.15317 | W32: =VLOOKUP($E32,'INV Days Pivot'!$A:$T,13,0) -> 32.032377 | X32: =VLOOKUP($E32,'INV Days Pivot'!$A:$T,15,0) -> 24.838883 | Y32: =VLOOKUP($E32,'INV Days Pivot'!$A:$T,20,0) -> 0 | Z32: =VLOOKUP($E32,'INV Days Pivot'!$A:$T,17,0) -> 34.961451 | AA32: =VLOOKUP($E32,'INV Days Pivot'!$A:$T,17,0) -> 34.961451 | AC32: =IFERROR(VLOOKUP(B32,#REF!,2,0),"") | AD32: =IFERROR(VLOOKUP(C32,#REF!,2,0),"")
B33: =$AC$4&$E33 -> PF15906 | C33: =$AD$4&$E33 -> HP15906 | E33: 15906 | F33: Rich’s Whip Topping (India) 1 Kg | G33: T&I EX HP | H33: =VLOOKUP($E33,'INV Days Pivot'!$A:$T,14,0) -> 0 | I33: =VLOOKUP($E33,'INV Days Pivot'!$A:$T,6,0) -> 0 | J33: =VLOOKUP($E33,'INV Days Pivot'!$A:$T,7,0) -> 0 | K33: =VLOOKUP($E33,'INV Days Pivot'!$A:$T,12,0) -> 36.189529 | L33: =VLOOKUP($E33,'INV Days Pivot'!$A:$T,19,0) -> 0 | M33: =VLOOKUP($E33,'INV Days Pivot'!$A:$T,16,0) -> 32.386364 | N33: =VLOOKUP($E33,'INV Days Pivot'!$A:$T,18,0) -> 0 | O33: =VLOOKUP($E33,'INV Days Pivot'!$A:$U,21,0) -> 24.64 | R33: =VLOOKUP($E33,'INV Days Pivot'!$A:$T,4,0) -> 91.249297 | S33: =VLOOKUP($E33,'INV Days Pivot'!$A:$T,5,0) -> 38.154392 | T33: =VLOOKUP($E33,'INV Days Pivot'!$A:$T,8,0) -> 34.991974 | U33: =VLOOKUP($E33,'INV Days Pivot'!$A:$T,10,0) -> 44.031311 | V33: =VLOOKUP($E33,'INV Days Pivot'!$A:$T,11,0) -> 58.708415 | W33: =VLOOKUP($E33,'INV Days Pivot'!$A:$T,13,0) -> 0 | X33: =VLOOKUP($E33,'INV Days Pivot'!$A:$T,15,0) -> 21.576999 | Y33: =VLOOKUP($E33,'INV Days Pivot'!$A:$T,20,0) -> 0 | Z33: =VLOOKUP($E33,'INV Days Pivot'!$A:$T,17,0) -> 34.552153 | AA33: =VLOOKUP($E33,'INV Days Pivot'!$A:$T,17,0) -> 34.552153 | AC33: =IFERROR(VLOOKUP(B33,#REF!,2,0),"") | AD33: =IFERROR(VLOOKUP(C33,#REF!,2,0),"")
B34: =$AC$4&$E34 -> PF15459 | C34: =$AD$4&$E34 -> HP15459 | E34: 15459 | F34: Rich's Cooking Rich-Hot Kitchen (10 Kg) | G34: T&I EX HP | H34: =VLOOKUP($E34,'INV Days Pivot'!$A:$T,14,0) -> 0 | I34: =VLOOKUP($E34,'INV Days Pivot'!$A:$T,6,0) -> 0 | J34: =VLOOKUP($E34,'INV Days Pivot'!$A:$T,7,0) -> 0 | K34: =VLOOKUP($E34,'INV Days Pivot'!$A:$T,12,0) -> 0 | L34: =VLOOKUP($E34,'INV Days Pivot'!$A:$T,19,0) -> 0 | M34: =VLOOKUP($E34,'INV Days Pivot'!$A:$T,16,0) -> 0 | N34: =VLOOKUP($E34,'INV Days Pivot'!$A:$T,18,0) -> 0 | O34: =VLOOKUP($E34,'INV Days Pivot'!$A:$U,21,0) -> 0 | R34: =VLOOKUP($E34,'INV Days Pivot'!$A:$T,4,0) -> 0 | S34: =VLOOKUP($E34,'INV Days Pivot'!$A:$T,5,0) -> 0 | T34: =VLOOKUP($E34,'INV Days Pivot'!$A:$T,8,0) -> 0 | U34: =VLOOKUP($E34,'INV Days Pivot'!$A:$T,10,0) -> 0 | V34: =VLOOKUP($E34,'INV Days Pivot'!$A:$T,11,0) -> 39.104166 | W34: =VLOOKUP($E34,'INV Days Pivot'!$A:$T,13,0) -> 0 | X34: =VLOOKUP($E34,'INV Days Pivot'!$A:$T,15,0) -> 32.750583 | Y34: =VLOOKUP($E34,'INV Days Pivot'!$A:$T,20,0) -> 0 | Z34: =VLOOKUP($E34,'INV Days Pivot'!$A:$T,17,0) -> 0 | AA34: =VLOOKUP($E34,'INV Days Pivot'!$A:$T,17,0) -> 0 | AC34: =IFERROR(VLOOKUP(B34,#REF!,2,0),"") | AD34: =IFERROR(VLOOKUP(C34,#REF!,2,0),"")
B35: =$AC$4&$E35 -> PF16984 | C35: =$AD$4&$E35 -> HP16984 | E35: 16984 | F35: Rich’s Niagara Farms Gold (1 Kg ) | G35: T&I EX HP | H35: =VLOOKUP($E35,'INV Days Pivot'!$A:$T,14,0) -> 70.588235 | I35: =VLOOKUP($E35,'INV Days Pivot'!$A:$T,6,0) -> 0 | J35: =VLOOKUP($E35,'INV Days Pivot'!$A:$T,7,0) -> 90.951493 | K35: =VLOOKUP($E35,'INV Days Pivot'!$A:$T,12,0) -> 13.564536 | L35: =VLOOKUP($E35,'INV Days Pivot'!$A:$T,19,0) -> 51.772388 | M35: =VLOOKUP($E35,'INV Days Pivot'!$A:$T,16,0) -> 42.5 | N35: =VLOOKUP($E35,'INV Days Pivot'!$A:$T,18,0) -> 16.791045 | O35: =VLOOKUP($E35,'INV Days Pivot'!$A:$U,21,0) -> 38.816109 | R35: =VLOOKUP($E35,'INV Days Pivot'!$A:$T,4,0) -> 31.094527 | S35: =VLOOKUP($E35,'INV Days Pivot'!$A:$T,5,0) -> 27.202696 | T35: =VLOOKUP($E35,'INV Days Pivot'!$A:$T,8,0) -> 20.860573 | U35: =VLOOKUP($E35,'INV Days Pivot'!$A:$T,10,0) -> 95.659876 | V35: =VLOOKUP($E35,'INV Days Pivot'!$A:$T,11,0) -> 189.32039 | W35: =VLOOKUP($E35,'INV Days Pivot'!$A:$T,13,0) -> 118.03162 | X35: =VLOOKUP($E35,'INV Days Pivot'!$A:$T,15,0) -> 36.653884 | Y35: =VLOOKUP($E35,'INV Days Pivot'!$A:$T,20,0) -> 0 | Z35: =VLOOKUP($E35,'INV Days Pivot'!$A:$T,17,0) -> 106.34328 | AA35: =VLOOKUP($E35,'INV Days Pivot'!$A:$T,17,0) -> 106.34328 | AC35: =IFERROR(VLOOKUP(B35,#REF!,2,0),"") | AD35: =IFERROR(VLOOKUP(C35,#REF!,2,0),"")
E36: 18098 | F36: ICEHOT BEVERAGES by RICH’S 1kg | G36: T&I EX HP | H36: =VLOOKUP($E36,'INV Days Pivot'!$A:$T,14,0) -> 84.741069 | I36: =VLOOKUP($E36,'INV Days Pivot'!$A:$T,6,0) -> 0 | J36: =VLOOKUP($E36,'INV Days Pivot'!$A:$T,7,0) -> 81.156716 | K36: =VLOOKUP($E36,'INV Days Pivot'!$A:$T,12,0) -> 23.503078 | L36: =VLOOKUP($E36,'INV Days Pivot'!$A:$T,19,0) -> 28.618631 | M36: =VLOOKUP($E36,'INV Days Pivot'!$A:$T,16,0) -> 29.881195 | N36: =VLOOKUP($E36,'INV Days Pivot'!$A:$T,18,0) -> 52.232309 | O36: =VLOOKUP($E36,'INV Days Pivot'!$A:$U,21,0) -> 29.304469 | R36: =VLOOKUP($E36,'INV Days Pivot'!$A:$T,4,0) -> 36.953398 | S36: =VLOOKUP($E36,'INV Days Pivot'!$A:$T,5,0) -> 0 | T36: =VLOOKUP($E36,'INV Days Pivot'!$A:$T,8,0) -> 23.782876 | U36: =VLOOKUP($E36,'INV Days Pivot'!$A:$T,10,0) -> 29.126214 | V36: =VLOOKUP($E36,'INV Days Pivot'!$A:$T,11,0) -> 44.295302 | W36: =VLOOKUP($E36,'INV Days Pivot'!$A:$T,13,0) -> 61.567164 | X36: =VLOOKUP($E36,'INV Days Pivot'!$A:$T,15,0) -> 23.560372 | Y36: =VLOOKUP($E36,'INV Days Pivot'!$A:$T,20,0) -> 0 | Z36: =VLOOKUP($E36,'INV Days Pivot'!$A:$T,17,0) -> 39.792746 | AA36: =VLOOKUP($E36,'INV Days Pivot'!$A:$T,17,0) -> 39.792746
E37: 20308 | F37: Rich's New Star Whip 2 kg | G37: T&I EX HP | H37: =VLOOKUP($E37,'INV Days Pivot'!$A:$T,14,0) -> 0 | I37: =VLOOKUP($E37,'INV Days Pivot'!$A:$T,6,0) -> 0 | J37: =VLOOKUP($E37,'INV Days Pivot'!$A:$T,7,0) -> 0 | K37: =VLOOKUP($E37,'INV Days Pivot'!$A:$T,12,0) -> 25.912997 | L37: =VLOOKUP($E37,'INV Days Pivot'!$A:$T,19,0) -> 33.493299 | M37: =VLOOKUP($E37,'INV Days Pivot'!$A:$T,16,0) -> 0 | N37: =VLOOKUP($E37,'INV Days Pivot'!$A:$T,18,0) -> 38.761755 | O37: =VLOOKUP($E37,'INV Days Pivot'!$A:$U,21,0) -> 24.750619 | R37: =VLOOKUP($E37,'INV Days Pivot'!$A:$T,4,0) -> 37.05699 | S37: =VLOOKUP($E37,'INV Days Pivot'!$A:$T,5,0) -> 34.889481 | T37: =VLOOKUP($E37,'INV Days Pivot'!$A:$T,8,0) -> 27.391482 | U37: =VLOOKUP($E37,'INV Days Pivot'!$A:$T,10,0) -> 25.757995 | V37: =VLOOKUP($E37,'INV Days Pivot'!$A:$T,11,0) -> 29.998795 | W37: =VLOOKUP($E37,'INV Days Pivot'!$A:$T,13,0) -> 59.672572 | X37: =VLOOKUP($E37,'INV Days Pivot'!$A:$T,15,0) -> 22.320712 | Y37: =VLOOKUP($E37,'INV Days Pivot'!$A:$T,20,0) -> 0 | Z37: =VLOOKUP($E37,'INV Days Pivot'!$A:$T,17,0) -> 0 | AA37: =VLOOKUP($E37,'INV Days Pivot'!$A:$T,17,0) -> 0
E38: 21235 | F38: Rich’s Whip Topping (India) 500 G | H38: =VLOOKUP($E38,'INV Days Pivot'!$A:$T,14,0) -> #N/A | I38: =VLOOKUP($E38,'INV Days Pivot'!$A:$T,6,0) -> #N/A | J38: =VLOOKUP($E38,'INV Days Pivot'!$A:$T,7,0) -> #N/A | K38: =VLOOKUP($E38,'INV Days Pivot'!$A:$T,12,0) -> #N/A | L38: =VLOOKUP($E38,'INV Days Pivot'!$A:$T,19,0) -> #N/A | M38: =VLOOKUP($E38,'INV Days Pivot'!$A:$T,16,0) -> #N/A | N38: =VLOOKUP($E38,'INV Days Pivot'!$A:$T,18,0) -> #N/A | O38: =VLOOKUP($E38,'INV Days Pivot'!$A:$U,21,0) -> #N/A | R38: =VLOOKUP($E38,'INV Days Pivot'!$A:$T,4,0) -> #N/A | S38: =VLOOKUP($E38,'INV Days Pivot'!$A:$T,5,0) -> #N/A | T38: =VLOOKUP($E38,'INV Days Pivot'!$A:$T,8,0) -> #N/A | U38: =VLOOKUP($E38,'INV Days Pivot'!$A:$T,10,0) -> #N/A | V38: =VLOOKUP($E38,'INV Days Pivot'!$A:$T,11,0) -> #N/A | W38: =VLOOKUP($E38,'INV Days Pivot'!$A:$T,13,0) -> #N/A | X38: =VLOOKUP($E38,'INV Days Pivot'!$A:$T,15,0) -> #N/A | Y38: =VLOOKUP($E38,'INV Days Pivot'!$A:$T,20,0) -> #N/A | Z38: =VLOOKUP($E38,'INV Days Pivot'!$A:$T,17,0) -> #N/A | AA38: =VLOOKUP($E38,'INV Days Pivot'!$A:$T,17,0) -> #N/A
E39: 21910 | F39: Rich’s Sunwhip 2 Kg | G39: T&I EX HP | H39: =VLOOKUP($E39,'INV Days Pivot'!$A:$T,14,0) -> 0 | I39: =VLOOKUP($E39,'INV Days Pivot'!$A:$T,6,0) -> 0 | J39: =VLOOKUP($E39,'INV Days Pivot'!$A:$T,7,0) -> 0 | K39: =VLOOKUP($E39,'INV Days Pivot'!$A:$T,12,0) -> 67.711248 | L39: =VLOOKUP($E39,'INV Days Pivot'!$A:$T,19,0) -> 23.495773 | M39: =VLOOKUP($E39,'INV Days Pivot'!$A:$T,16,0) -> 0 | N39: =VLOOKUP($E39,'INV Days Pivot'!$A:$T,18,0) -> 34.072472 | O39: =VLOOKUP($E39,'INV Days Pivot'!$A:$U,21,0) -> 25.776103 | R39: =VLOOKUP($E39,'INV Days Pivot'!$A:$T,4,0) -> 30.927835 | S39: =VLOOKUP($E39,'INV Days Pivot'!$A:$T,5,0) -> 226.85789 | T39: =VLOOKUP($E39,'INV Days Pivot'!$A:$T,8,0) -> 34.739152 | U39: =VLOOKUP($E39,'INV Days Pivot'!$A:$T,10,0) -> 78.688525 | V39: =VLOOKUP($E39,'INV Days Pivot'!$A:$T,11,0) -> 37.780007 | W39: =VLOOKUP($E39,'INV Days Pivot'!$A:$T,13,0) -> 0 | X39: =VLOOKUP($E39,'INV Days Pivot'!$A:$T,15,0) -> 26.984377 | Y39: =VLOOKUP($E39,'INV Days Pivot'!$A:$T,20,0) -> 0 | Z39: =VLOOKUP($E39,'INV Days Pivot'!$A:$T,17,0) -> 0 | AA39: =VLOOKUP($E39,'INV Days Pivot'!$A:$T,17,0) -> 0
B40: =$AC$4&$E40 -> PF22059 | C40: =$AD$4&$E40 -> HP22059 | E40: 22059 | F40: Rich’s Truffle Base - Hazelnut Flavour | G40: T&I EX HP | H40: =VLOOKUP($E40,'INV Days Pivot'!$A:$T,14,0) -> 0 | I40: =VLOOKUP($E40,'INV Days Pivot'!$A:$T,6,0) -> 0 | J40: =VLOOKUP($E40,'INV Days Pivot'!$A:$T,7,0) -> 0 | K40: =VLOOKUP($E40,'INV Days Pivot'!$A:$T,12,0) -> 0 | L40: =VLOOKUP($E40,'INV Days Pivot'!$A:$T,19,0) -> 0 | M40: =VLOOKUP($E40,'INV Days Pivot'!$A:$T,16,0) -> 0 | N40: =VLOOKUP($E40,'INV Days Pivot'!$A:$T,18,0) -> 0 | O40: =VLOOKUP($E40,'INV Days Pivot'!$A:$U,21,0) -> 0 | R40: =VLOOKUP($E40,'INV Days Pivot'!$A:$T,4,0) -> 0 | S40: =VLOOKUP($E40,'INV Days Pivot'!$A:$T,5,0) -> 0 | T40: =VLOOKUP($E40,'INV Days Pivot'!$A:$T,8,0) -> 0 | U40: =VLOOKUP($E40,'INV Days Pivot'!$A:$T,10,0) -> 0 | V40: =VLOOKUP($E40,'INV Days Pivot'!$A:$T,11,0) -> 0 | W40: =VLOOKUP($E40,'INV Days Pivot'!$A:$T,13,0) -> 0 | X40: =VLOOKUP($E40,'INV Days Pivot'!$A:$T,15,0) -> 0 | Y40: =VLOOKUP($E40,'INV Days Pivot'!$A:$T,20,0) -> 0 | Z40: =VLOOKUP($E40,'INV Days Pivot'!$A:$T,17,0) -> 0 | AA40: =VLOOKUP($E40,'INV Days Pivot'!$A:$T,17,0) -> 0 | AC40: =IFERROR(VLOOKUP(B40,#REF!,2,0),"") | AD40: =IFERROR(VLOOKUP(C40,#REF!,2,0),"")
E41: 22754 | F41: RWT - Cheese Flavoured (1 kg) | G41: T&I EX HP | H41: =VLOOKUP($E41,'INV Days Pivot'!$A:$T,14,0) -> #N/A | I41: =VLOOKUP($E41,'INV Days Pivot'!$A:$T,6,0) -> #N/A | J41: =VLOOKUP($E41,'INV Days Pivot'!$A:$T,7,0) -> #N/A | K41: =VLOOKUP($E41,'INV Days Pivot'!$A:$T,12,0) -> #N/A | L41: =VLOOKUP($E41,'INV Days Pivot'!$A:$T,19,0) -> #N/A | M41: =VLOOKUP($E41,'INV Days Pivot'!$A:$T,16,0) -> #N/A | N41: =VLOOKUP($E41,'INV Days Pivot'!$A:$T,18,0) -> #N/A | O41: =VLOOKUP($E41,'INV Days Pivot'!$A:$U,21,0) -> #N/A | R41: =VLOOKUP($E41,'INV Days Pivot'!$A:$T,4,0) -> #N/A | S41: =VLOOKUP($E41,'INV Days Pivot'!$A:$T,5,0) -> #N/A | T41: =VLOOKUP($E41,'INV Days Pivot'!$A:$T,8,0) -> #N/A | U41: =VLOOKUP($E41,'INV Days Pivot'!$A:$T,10,0) -> #N/A | V41: =VLOOKUP($E41,'INV Days Pivot'!$A:$T,11,0) -> #N/A | W41: =VLOOKUP($E41,'INV Days Pivot'!$A:$T,13,0) -> #N/A | X41: =VLOOKUP($E41,'INV Days Pivot'!$A:$T,15,0) -> #N/A | Y41: =VLOOKUP($E41,'INV Days Pivot'!$A:$T,20,0) -> #N/A | Z41: =VLOOKUP($E41,'INV Days Pivot'!$A:$T,17,0) -> #N/A | AA41: =VLOOKUP($E41,'INV Days Pivot'!$A:$T,17,0) -> #N/A
E42: 23890 | F42: Whip Topping Base (India) | G42: T&I EX HP | H42: =VLOOKUP($E42,'INV Days Pivot'!$A:$T,14,0) -> 0 | I42: =VLOOKUP($E42,'INV Days Pivot'!$A:$T,6,0) -> 0 | J42: =VLOOKUP($E42,'INV Days Pivot'!$A:$T,7,0) -> 0 | K42: =VLOOKUP($E42,'INV Days Pivot'!$A:$T,12,0) -> 0 | L42: =VLOOKUP($E42,'INV Days Pivot'!$A:$T,19,0) -> 0 | M42: =VLOOKUP($E42,'INV Days Pivot'!$A:$T,16,0) -> 0 | N42: =VLOOKUP($E42,'INV Days Pivot'!$A:$T,18,0) -> 0 | O42: =VLOOKUP($E42,'INV Days Pivot'!$A:$U,21,0) -> 0 | R42: =VLOOKUP($E42,'INV Days Pivot'!$A:$T,4,0) -> 0 | S42: =VLOOKUP($E42,'INV Days Pivot'!$A:$T,5,0) -> 0 | T42: =VLOOKUP($E42,'INV Days Pivot'!$A:$T,8,0) -> 0 | U42: =VLOOKUP($E42,'INV Days Pivot'!$A:$T,10,0) -> 0 | V42: =VLOOKUP($E42,'INV Days Pivot'!$A:$T,11,0) -> 0 | W42: =VLOOKUP($E42,'INV Days Pivot'!$A:$T,13,0) -> 0 | X42: =VLOOKUP($E42,'INV Days Pivot'!$A:$T,15,0) -> 0 | Y42: =VLOOKUP($E42,'INV Days Pivot'!$A:$T,20,0) -> 0 | Z42: =VLOOKUP($E42,'INV Days Pivot'!$A:$T,17,0) -> 0 | AA42: =VLOOKUP($E42,'INV Days Pivot'!$A:$T,17,0) -> 0
E43: 23081 | F43: Icehot Creamary 1 KG | G43: T&I EX HP | H43: =VLOOKUP($E43,'INV Days Pivot'!$A:$T,14,0) -> 28.666667 | I43: =VLOOKUP($E43,'INV Days Pivot'!$A:$T,6,0) -> 0 | J43: =VLOOKUP($E43,'INV Days Pivot'!$A:$T,7,0) -> 30.783582 | K43: =VLOOKUP($E43,'INV Days Pivot'!$A:$T,12,0) -> 24.783478 | L43: =VLOOKUP($E43,'INV Days Pivot'!$A:$T,19,0) -> 17.899594 | M43: =VLOOKUP($E43,'INV Days Pivot'!$A:$T,16,0) -> 30 | N43: =VLOOKUP($E43,'INV Days Pivot'!$A:$T,18,0) -> 55.400112 | O43: =VLOOKUP($E43,'INV Days Pivot'!$A:$U,21,0) -> 17.007366 | R43: =VLOOKUP($E43,'INV Days Pivot'!$A:$T,4,0) -> 25.444655 | S43: =VLOOKUP($E43,'INV Days Pivot'!$A:$T,5,0) -> 45.050056 | T43: =VLOOKUP($E43,'INV Days Pivot'!$A:$T,8,0) -> 18.190299 | U43: =VLOOKUP($E43,'INV Days Pivot'!$A:$T,10,0) -> 20.799742 | V43: =VLOOKUP($E43,'INV Days Pivot'!$A:$T,11,0) -> 17.120797 | W43: =VLOOKUP($E43,'INV Days Pivot'!$A:$T,13,0) -> 154.20561 | X43: =VLOOKUP($E43,'INV Days Pivot'!$A:$T,15,0) -> 13.984058 | Y43: =VLOOKUP($E43,'INV Days Pivot'!$A:$T,20,0) -> 0 | Z43: =VLOOKUP($E43,'INV Days Pivot'!$A:$T,17,0) -> 22.38806 | AA43: =VLOOKUP($E43,'INV Days Pivot'!$A:$T,17,0) -> 22.38806
E44: 25616 | F44: RWT Gold - 10 kg | G44: T&I EX HP | H44: =VLOOKUP($E44,'INV Days Pivot'!$A:$T,14,0) -> 0 | I44: =VLOOKUP($E44,'INV Days Pivot'!$A:$T,6,0) -> 0 | J44: =VLOOKUP($E44,'INV Days Pivot'!$A:$T,7,0) -> 0 | K44: =VLOOKUP($E44,'INV Days Pivot'!$A:$T,12,0) -> 0 | L44: =VLOOKUP($E44,'INV Days Pivot'!$A:$T,19,0) -> 0 | M44: =VLOOKUP($E44,'INV Days Pivot'!$A:$T,16,0) -> 0 | N44: =VLOOKUP($E44,'INV Days Pivot'!$A:$T,18,0) -> 0 | O44: =VLOOKUP($E44,'INV Days Pivot'!$A:$U,21,0) -> 0 | R44: =VLOOKUP($E44,'INV Days Pivot'!$A:$T,4,0) -> 0 | S44: =VLOOKUP($E44,'INV Days Pivot'!$A:$T,5,0) -> 29.423327 | T44: =VLOOKUP($E44,'INV Days Pivot'!$A:$T,8,0) -> 0 | U44: =VLOOKUP($E44,'INV Days Pivot'!$A:$T,10,0) -> 0 | V44: =VLOOKUP($E44,'INV Days Pivot'!$A:$T,11,0) -> 0 | W44: =VLOOKUP($E44,'INV Days Pivot'!$A:$T,13,0) -> 0 | X44: =VLOOKUP($E44,'INV Days Pivot'!$A:$T,15,0) -> 0 | Y44: =VLOOKUP($E44,'INV Days Pivot'!$A:$T,20,0) -> 0 | Z44: =VLOOKUP($E44,'INV Days Pivot'!$A:$T,17,0) -> 0 | AA44: =VLOOKUP($E44,'INV Days Pivot'!$A:$T,17,0) -> 0
E45: 25570 | F45: Rich'S Sun Whip Ultra (1 Kg) 2025 | G45: T&I EX HP | H45: =VLOOKUP($E45,'INV Days Pivot'!$A:$T,14,0) -> 849.6 | I45: =VLOOKUP($E45,'INV Days Pivot'!$A:$T,6,0) -> 0 | J45: =VLOOKUP($E45,'INV Days Pivot'!$A:$T,7,0) -> 43.298277 | K45: =VLOOKUP($E45,'INV Days Pivot'!$A:$T,12,0) -> 28.911565 | L45: =VLOOKUP($E45,'INV Days Pivot'!$A:$T,19,0) -> 30.2081 | M45: =VLOOKUP($E45,'INV Days Pivot'!$A:$T,16,0) -> 82.142857 | N45: =VLOOKUP($E45,'INV Days Pivot'!$A:$T,18,0) -> 26.021265 | O45: =VLOOKUP($E45,'INV Days Pivot'!$A:$U,21,0) -> 17.34375 | R45: =VLOOKUP($E45,'INV Days Pivot'!$A:$T,4,0) -> 33.072129 | S45: =VLOOKUP($E45,'INV Days Pivot'!$A:$T,5,0) -> 30.571775 | T45: =VLOOKUP($E45,'INV Days Pivot'!$A:$T,8,0) -> 121.26538 | U45: =VLOOKUP($E45,'INV Days Pivot'!$A:$T,10,0) -> 27.207732 | V45: =VLOOKUP($E45,'INV Days Pivot'!$A:$T,11,0) -> 37.248322 | W45: =VLOOKUP($E45,'INV Days Pivot'!$A:$T,13,0) -> 0 | X45: =VLOOKUP($E45,'INV Days Pivot'!$A:$T,15,0) -> 110.44177 | Y45: =VLOOKUP($E45,'INV Days Pivot'!$A:$T,20,0) -> 0 | Z45: =VLOOKUP($E45,'INV Days Pivot'!$A:$T,17,0) -> 0 | AA45: =VLOOKUP($E45,'INV Days Pivot'!$A:$T,17,0) -> 0
E46: 25598 | F46: Rich's Cheese Flv WT 1 kg (2025) | G46: T&I EX HP | H46: =VLOOKUP($E46,'INV Days Pivot'!$A:$T,14,0) -> 0 | I46: =VLOOKUP($E46,'INV Days Pivot'!$A:$T,6,0) -> 0 | J46: =VLOOKUP($E46,'INV Days Pivot'!$A:$T,7,0) -> 16.081667 | K46: =VLOOKUP($E46,'INV Days Pivot'!$A:$T,12,0) -> 0.15984229 | L46: =VLOOKUP($E46,'INV Days Pivot'!$A:$T,19,0) -> 18.746503 | M46: =VLOOKUP($E46,'INV Days Pivot'!$A:$T,16,0) -> 280 | N46: =VLOOKUP($E46,'INV Days Pivot'!$A:$T,18,0) -> 22.129897 | O46: =VLOOKUP($E46,'INV Days Pivot'!$A:$U,21,0) -> 11.330256 | R46: =VLOOKUP($E46,'INV Days Pivot'!$A:$T,4,0) -> 0 | S46: =VLOOKUP($E46,'INV Days Pivot'!$A:$T,5,0) -> 7.7967643 | T46: =VLOOKUP($E46,'INV Days Pivot'!$A:$T,8,0) -> 22.429907 | U46: =VLOOKUP($E46,'INV Days Pivot'!$A:$T,10,0) -> 2.7251492 | V46: =VLOOKUP($E46,'INV Days Pivot'!$A:$T,11,0) -> 5.7600576 | W46: =VLOOKUP($E46,'INV Days Pivot'!$A:$T,13,0) -> 4 | X46: =VLOOKUP($E46,'INV Days Pivot'!$A:$T,15,0) -> 14.515326 | Y46: =VLOOKUP($E46,'INV Days Pivot'!$A:$T,20,0) -> 0 | Z46: =VLOOKUP($E46,'INV Days Pivot'!$A:$T,17,0) -> 8.1871345 | AA46: =VLOOKUP($E46,'INV Days Pivot'!$A:$T,17,0) -> 8.1871345

Sheet UF Exclusive
G3: 14 | H3: 6 | I3: 7 | J3: 12 | K3: 19 | L3: 16 | M3: 18 | N3: 21 | Q3: 4 | R3: 5 | S3: 8 | T3: 10 | U3: 11 | V3: 13 | W3: 15 | X3: 20 | Y3: 17 | AB3: Production Date | AC3: Production Date
A4: k | B4: kk | D4: Material Code | E4: Material Description | F4: Source | G4: PBN | H4: DEL | I4: GT | J4: KOL | K4: KNP | L4: RJ | M4: PA | N4: Soni | O4: North Required | Q4: BNG | R4: CH | S4: GUJ | T4: HY | U4: KER | V4: MP | W4: PC | X4: KHA | Y4: NG | Z4: PF Required | AA4: Overall required | AB4: PF | AC4: HP
B5: =$AC$4&D5 -> HP23401 | D5: 23401 | E5: New Toppin Pride (1 kg) | G5: =VLOOKUP($D5,'RF Pendency Pivot'!$A:$T,14,0) -> 2106 | H5: =VLOOKUP($D5,'RF Pendency Pivot'!$A:$T,6,0) -> 0 | I5: =VLOOKUP($D5,'RF Pendency Pivot'!$A:$T,7,0) -> -3153.96 | J5: =VLOOKUP($D5,'RF Pendency Pivot'!$A:$T,12,0) -> -364.92 | K5: =VLOOKUP($D5,'RF Pendency Pivot'!$A:$T,19,0) -> 424.92 | L5: =VLOOKUP($D5,'RF Pendency Pivot'!$A:$T,16,0) -> 0 | M5: =VLOOKUP($D5,'RF Pendency Pivot'!$A:$T,18,0) -> -178.44 | N5: =VLOOKUP($D5,'RF Pendency Pivot'!$A:$U,21,0) -> -192 | O5: =IF(G5<0,G5+SUMIF(G5:N5,">0"),SUMIF(G5:N5,">0")) -> 2530.92 | Q5: =VLOOKUP($D5,'RF Pendency Pivot'!$A:$T,4,0) -> -1370.04 | R5: =VLOOKUP($D5,'RF Pendency Pivot'!$A:$T,5,0) -> -18.6 | S5: =VLOOKUP($D5,'RF Pendency Pivot'!$A:$T,8,0) -> 4.08 | T5: =VLOOKUP($D5,'RF Pendency Pivot'!$A:$T,10,0) -> 3074.52 | U5: =VLOOKUP($D5,'RF Pendency Pivot'!$A:$T,11,0) -> -4736.04 | V5: =VLOOKUP($D5,'RF Pendency Pivot'!$A:$T,13,0) -> -33036 | W5: =VLOOKUP($D5,'RF Pendency Pivot'!$A:$T,15,0) -> -96 | X5: =VLOOKUP($D5,'RF Pendency Pivot'!$A:$T,20,0) -> 0 | Y5: =VLOOKUP($D5,'RF Pendency Pivot'!$A:$T,17,0) -> -2359.92 | Z5: =IF(W5<0,W5+SUMIF(Q5:Y5,">0"),SUMIF(Q5:Y5,">0")) -> 2982.6 | AA5: =O5+Z5 -> 5513.52 | AB5: =IFERROR(VLOOKUP($A5,#REF!,2,0),"") | AC5: =IFERROR(VLOOKUP($B5,#REF!,2,0),"")
A6: =$AB$4&D6 -> PF01167 | B6: =$AC$4&D6 -> HP01167 | D6: 01167 | E6: Rich's Sweetmate (India) 1 Kg | G6: =VLOOKUP($D6,'RF Pendency Pivot'!$A:$T,14,0) -> -6022.08 | H6: =VLOOKUP($D6,'RF Pendency Pivot'!$A:$T,6,0) -> 0 | I6: =VLOOKUP($D6,'RF Pendency Pivot'!$A:$T,7,0) -> -1478.04 | J6: =VLOOKUP($D6,'RF Pendency Pivot'!$A:$T,12,0) -> -1255.56 | K6: =VLOOKUP($D6,'RF Pendency Pivot'!$A:$T,19,0) -> -1468.32 | L6: =VLOOKUP($D6,'RF Pendency Pivot'!$A:$T,16,0) -> -1044 | M6: =VLOOKUP($D6,'RF Pendency Pivot'!$A:$T,18,0) -> -789.36 | N6: =VLOOKUP($D6,'RF Pendency Pivot'!$A:$U,21,0) -> -1616.04 | O6: =IF(G6<0,G6+SUMIF(G6:N6,">0"),SUMIF(G6:N6,">0")) -> -6022.08 | Q6: =VLOOKUP($D6,'RF Pendency Pivot'!$A:$T,4,0) -> -3527.16 | R6: =VLOOKUP($D6,'RF Pendency Pivot'!$A:$T,5,0) -> -59.16 | S6: =VLOOKUP($D6,'RF Pendency Pivot'!$A:$T,8,0) -> -4774.44 | T6: =VLOOKUP($D6,'RF Pendency Pivot'!$A:$T,10,0) -> -6913.56 | U6: =VLOOKUP($D6,'RF Pendency Pivot'!$A:$T,11,0) -> -2064 | V6: =VLOOKUP($D6,'RF Pendency Pivot'!$A:$T,13,0) -> -1552.8 | W6: =VLOOKUP($D6,'RF Pendency Pivot'!$A:$T,15,0) -> -7806.12 | X6: =VLOOKUP($D6,'RF Pendency Pivot'!$A:$T,20,0) -> 0 | Y6: =VLOOKUP($D6,'RF Pendency Pivot'!$A:$T,17,0) -> -4351.2 | Z6: =IF(W6<0,W6+SUMIF(Q6:Y6,">0"),SUMIF(Q6:Y6,">0")) -> -7806.12 | AA6: =O6+Z6 -> -13828.2 | AB6: =IFERROR(VLOOKUP(A6,#REF!,2,0),"") | AC6: =IFERROR(VLOOKUP(B6,#REF!,2,0),"")
A7: =$AB$4&D7 -> PF15536 | B7: =$AC$4&D7 -> HP15536 | D7: 15536 | E7: Rich's Premium Truffle -2 Kg | G7: =VLOOKUP($D7,'RF Pendency Pivot'!$A:$T,14,0) -> -8249.4 | H7: =VLOOKUP($D7,'RF Pendency Pivot'!$A:$T,6,0) -> 0 | I7: =VLOOKUP($D7,'RF Pendency Pivot'!$A:$T,7,0) -> -521.64 | J7: =VLOOKUP($D7,'RF Pendency Pivot'!$A:$T,12,0) -> -3439.8 | K7: =VLOOKUP($D7,'RF Pendency Pivot'!$A:$T,19,0) -> -8407.8 | L7: =VLOOKUP($D7,'RF Pendency Pivot'!$A:$T,16,0) -> -10436.04 | M7: =VLOOKUP($D7,'RF Pendency Pivot'!$A:$T,18,0) -> -5514.6 | N7: =VLOOKUP($D7,'RF Pendency Pivot'!$A:$U,21,0) -> -12792 | O7: =IF(G7<0,G7+SUMIF(G7:N7,">0"),SUMIF(G7:N7,">0")) -> -8249.4 | Q7: =VLOOKUP($D7,'RF Pendency Pivot'!$A:$T,4,0) -> -11385.6 | R7: =VLOOKUP($D7,'RF Pendency Pivot'!$A:$T,5,0) -> -3961.92 | S7: =VLOOKUP($D7,'RF Pendency Pivot'!$A:$T,8,0) -> -3466.92 | T7: =VLOOKUP($D7,'RF Pendency Pivot'!$A:$T,10,0) -> -4641.72 | U7: =VLOOKUP($D7,'RF Pendency Pivot'!$A:$T,11,0) -> -1224 | V7: =VLOOKUP($D7,'RF Pendency Pivot'!$A:$T,13,0) -> -49303.32 | W7: =VLOOKUP($D7,'RF Pendency Pivot'!$A:$T,15,0) -> -12191.88 | X7: =VLOOKUP($D7,'RF Pendency Pivot'!$A:$T,20,0) -> 0 | Y7: =VLOOKUP($D7,'RF Pendency Pivot'!$A:$T,17,0) -> -4580.64 | Z7: =IF(W7<0,W7+SUMIF(Q7:Y7,">0"),SUMIF(Q7:Y7,">0")) -> -12191.88 | AA7: =O7+Z7 -> -20441.28 | AB7: =IFERROR(VLOOKUP(A7,#REF!,2,0),"") | AC7: =IFERROR(VLOOKUP(B7,#REF!,2,0),"")
A8: =$AB$4&D8 -> PF19602 | B8: =$AC$4&D8 -> HP19602 | D8: 19602 | E8: Rich’s Premium Truffle–RTU Ganache 500g | G8: =VLOOKUP($D8,'RF Pendency Pivot'!$A:$T,14,0) -> #N/A | H8: =VLOOKUP($D8,'RF Pendency Pivot'!$A:$T,6,0) -> #N/A | I8: =VLOOKUP($D8,'RF Pendency Pivot'!$A:$T,7,0) -> #N/A | J8: =VLOOKUP($D8,'RF Pendency Pivot'!$A:$T,12,0) -> #N/A | K8: =VLOOKUP($D8,'RF Pendency Pivot'!$A:$T,19,0) -> #N/A | L8: =VLOOKUP($D8,'RF Pendency Pivot'!$A:$T,16,0) -> #N/A | M8: =VLOOKUP($D8,'RF Pendency Pivot'!$A:$T,18,0) -> #N/A | N8: =VLOOKUP($D8,'RF Pendency Pivot'!$A:$U,21,0) -> #N/A | O8: =IF(G8<0,G8+SUMIF(G8:N8,">0"),SUMIF(G8:N8,">0")) -> #N/A | Q8: =VLOOKUP($D8,'RF Pendency Pivot'!$A:$T,4,0) -> #N/A | R8: =VLOOKUP($D8,'RF Pendency Pivot'!$A:$T,5,0) -> #N/A | S8: =VLOOKUP($D8,'RF Pendency Pivot'!$A:$T,8,0) -> #N/A | T8: =VLOOKUP($D8,'RF Pendency Pivot'!$A:$T,10,0) -> #N/A | U8: =VLOOKUP($D8,'RF Pendency Pivot'!$A:$T,11,0) -> #N/A | V8: =VLOOKUP($D8,'RF Pendency Pivot'!$A:$T,13,0) -> #N/A | W8: =VLOOKUP($D8,'RF Pendency Pivot'!$A:$T,15,0) -> #N/A | X8: =VLOOKUP($D8,'RF Pendency Pivot'!$A:$T,20,0) -> #N/A | Y8: =VLOOKUP($D8,'RF Pendency Pivot'!$A:$T,17,0) -> #N/A | Z8: =IF(W8<0,W8+SUMIF(Q8:Y8,">0"),SUMIF(Q8:Y8,">0")) -> #N/A | AA8: =O8+Z8 -> #N/A | AB8: =IFERROR(VLOOKUP(A8,#REF!,2,0),"") | AC8: =IFERROR(VLOOKUP(B8,#REF!,2,0),"")
